Site,Hole,Core,CoreType,Section,CuratedLength,TopDepth,BottomDepth,TopDepthScaled,BottomDepthScaled
1,A,1,H,1,1.45,0.1,1.55,0.1,1.55
1,A,1,H,2,1.273,1.55,2.823,1.55,2.823
1,A,1,H,9,0.04,2.823,2.863,2.823,2.863
1,A,2,H,1,1.505,3.1,4.605,3.1,4.605
1,A,2,H,2,1.27,4.605,5.875,4.605,5.875
1,A,2,H,9,0.04,5.875,5.915,5.875,5.915
1,A,3,H,1,1.5,6.1,7.6,6.1,7.6
1,A,3,H,2,1.015,7.6,8.615,7.6,8.615
1,A,3,H,3,0.145,8.615,8.76,8.615,8.76
1,A,3,H,9,0.01,8.76,8.77,8.76,8.77
1,A,4,H,1,1.507,9.1,10.607000000000001,9.1,10.607000000000001
1,A,4,H,2,1.28,10.607000000000001,11.887,10.607000000000001,11.887
1,A,4,H,9,0.07,11.887,11.957,11.887,11.957
1,A,5,H,1,1.51,12.1,13.61,12.1,13.61
1,A,5,H,2,1.4,13.61,15.01,13.61,15.01
1,A,5,H,9,0.02,15.01,15.03,15.01,15.03
1,A,6,H,1,1.495,15.1,16.595,15.1,16.595
1,A,6,H,2,1.445,16.595,18.04,16.595,18.04
1,A,6,H,9,0.06,18.04,18.1,18.04,18.1
1,A,7,H,1,1.505,18.1,19.605,18.1,19.605
1,A,7,H,2,1.365,19.605,20.97,19.605,20.97
1,A,7,H,9,0.02,20.97,20.99,20.97,20.99
1,A,8,H,1,1.51,21.1,22.61,21.1,22.61
1,A,8,H,2,1.405,22.61,24.015,22.61,24.015
1,A,9,H,1,1.499,24.1,25.599,24.1,25.599
1,A,9,H,2,0.48200000000000004,25.599,26.081,25.599,26.081
1,A,9,H,9,0.06,26.081,26.141,26.081,26.141
1,A,10,E,1,1.51,26.54,28.05,26.54,28.05
1,A,10,E,2,1.06,28.05,29.11,28.05,29.11
1,A,10,E,9,0.11,29.11,29.22,29.11,29.22
1,A,12,E,1,1.52,32.54,34.06,32.54,34.06
1,A,12,E,2,0.905,34.06,34.965,34.06,34.965
1,A,12,E,9,0.08,34.965,35.045,34.965,35.045
1,A,13,E,1,1.53,35.54,37.07,35.54,37.00645367
1,A,13,E,2,1.485,37.07,38.555,37.00645367,38.42977636
1,A,13,E,9,0.115,38.555,38.67,38.42977636,38.54
1,A,14,E,1,0.787,41.59,42.376999999999995,41.59,42.376999999999995
1,A,14,E,2,0.826,42.376999999999995,43.203,42.376999999999995,43.203
1,A,14,E,9,0.1,43.203,43.303000000000004,43.203,43.303000000000004
1,A,15,E,1,1.4969999999999999,44.59,46.086999999999996,44.59,45.89552326
1,A,15,E,2,1.02,46.086999999999996,47.107,45.89552326,46.78505814
1,A,15,E,3,0.843,47.107,47.95,46.78505814,47.52023256
1,A,15,E,9,0.08,47.95,48.03,47.52023256,47.59
1,A,16,E,1,1.508,47.59,49.098,47.59,49.03768
1,A,16,E,2,0.805,49.098,49.903,49.03768,49.81048
1,A,16,E,3,0.812,49.903,50.715,49.81048,50.59
1,A,17,E,1,1.506,50.59,52.096000000000004,50.59,52.00497025
1,A,17,E,2,0.8109999999999999,52.096000000000004,52.907,52.00497025,52.76694958
1,A,17,E,3,0.846,52.907,53.753,52.76694958,53.56181334
1,A,17,E,9,0.03,53.753,53.783,53.56181334,53.59
1,A,18,E,9,0.1,53.59,53.69,53.59,53.69
1,A,20,H,1,0.795,59.59,60.385,59.59,60.385
1,A,20,H,2,1.015,60.385,61.4,60.385,61.4
1,A,20,H,3,1.03,61.4,62.43,61.4,62.43
1,A,20,H,9,0.08,62.43,62.51,62.43,62.51
1,A,21,H,1,1.301,62.59,63.891000000000005,62.59,63.85147382
1,A,21,H,2,0.86,63.891000000000005,64.751,63.85147382,64.68534583
1,A,21,H,3,0.893,64.751,65.64399999999999,64.68534583,65.55121526
1,A,21,H,9,0.04,65.64399999999999,65.684,65.55121526,65.59
1,A,22,H,1,1.05,65.59,66.64,65.59,66.62075916
1,A,22,H,2,0.76,66.64,67.4,66.62075916,67.36683246
1,A,22,H,3,1.186,67.4,68.586,67.36683246,68.53109948
1,A,22,H,9,0.06,68.586,68.646,68.53109948,68.59
1,A,23,H,1,0.87,68.48,69.35,68.48,69.35
1,A,23,H,2,1.006,69.35,70.35600000000001,69.35,70.35600000000001
1,A,23,H,3,1.072,70.35600000000001,71.428,70.35600000000001,71.428
1,A,23,H,9,0.04,71.428,71.468,71.428,71.468
1,A,24,H,1,1.49,71.48,72.97,71.48,72.97
1,A,24,H,2,1.141,72.97,74.111,72.97,74.111
1,A,24,H,9,0.04,74.111,74.15100000000001,74.111,74.15100000000001
1,A,25,H,1,1.495,74.18,75.675,74.18,75.6529064
1,A,25,H,2,0.11,75.675,75.785,75.6529064,75.76128079
1,A,25,H,3,1.31,75.785,77.095,75.76128079,77.05192118
1,A,25,H,9,0.13,77.095,77.225,77.05192118,77.18
1,A,26,H,1,1.305,77.18,78.485,77.18,78.4723301
1,A,26,H,2,1.25,78.485,79.735,78.4723301,79.71019417
1,A,26,H,9,0.02,79.735,79.755,79.71019417,79.73
1,A,27,H,1,1.495,79.73,81.225,79.73,81.225
1,A,27,H,2,1.31,81.225,82.535,81.225,82.535
1,A,27,H,9,0.04,82.535,82.575,82.535,82.575
1,A,28,H,1,1.5019999999999998,82.73,84.23200000000001,82.73,84.20166309
1,A,28,H,2,0.815,84.23200000000001,85.04700000000001,84.20166309,85.00020198
1,A,28,H,9,0.01,85.04700000000001,85.057,85.00020198,85.01
1,A,29,H,1,0.285,85.01,85.295,85.01,85.29197452
1,A,29,H,2,1.1,85.295,86.395,85.29197452,86.38029724
1,A,29,H,3,0.95,86.395,87.345,86.38029724,87.32021231
1,A,29,H,9,0.02,87.345,87.365,87.32021231,87.34
1,A,30,H,1,0.253,87.34,87.59299999999999,87.34,87.54960039
1,A,30,H,2,0.7929999999999999,87.59299999999999,88.38600000000001,87.54960039,88.2065692
1,A,30,H,3,0.84,88.38600000000001,89.226,88.2065692,88.90247563
1,A,30,H,4,0.166,89.226,89.39200000000001,88.90247563,89.04
1,A,31,E,1,1.5,89.04,90.54,89.04,90.54
1,A,31,E,2,1.176,90.54,91.71600000000001,90.54,91.71600000000001
1,A,31,E,9,0.01,91.71600000000001,91.726,91.71600000000001,91.726
1,A,32,E,9,0.04,92.04,92.08,92.04,92.08
1,A,33,A,9,0.05,92.73,92.78,92.73,92.78
1,B,1,H,9,0.05,0.0,0.05,0.0,0.05
1,B,2,H,1,1.495,1.6,3.095,1.6,3.095
1,B,2,H,2,1.285,3.095,4.38,3.095,4.38
1,B,2,H,3,0.05,4.38,4.43,4.38,4.43
1,B,2,H,9,0.02,4.43,4.45,4.43,4.45
1,B,3,H,1,1.51,4.6,6.11,4.6,6.11
1,B,3,H,2,1.412,6.11,7.522,6.11,7.522
1,B,3,H,9,0.05,7.522,7.572,7.522,7.572
1,B,4,H,1,1.515,7.6,9.115,7.6,9.115
1,B,4,H,2,1.19,9.115,10.305,9.115,10.305
1,B,4,H,3,0.05,10.305,10.355,10.305,10.355
1,B,4,H,9,0.04,10.355,10.395,10.355,10.395
1,B,5,H,1,1.505,10.6,12.105,10.6,12.105
1,B,5,H,2,1.295,12.105,13.4,12.105,13.4
1,B,5,H,3,0.05,13.4,13.45,13.4,13.45
1,B,5,H,9,0.05,13.45,13.5,13.45,13.5
1,B,6,H,1,1.5119999999999998,13.6,15.112,13.6,15.112
1,B,6,H,2,1.345,15.112,16.457,15.112,16.457
1,B,6,H,3,0.05,16.457,16.507,16.457,16.507
1,B,6,H,9,0.07,16.507,16.577,16.507,16.577
1,B,7,H,1,1.52,16.53,18.05,16.53,18.05
1,B,7,H,2,1.025,18.05,19.075,18.05,19.075
1,B,7,H,3,0.05,19.075,19.125,19.075,19.125
1,B,7,H,9,0.095,19.125,19.22,19.125,19.22
1,B,8,H,1,1.51,19.43,20.94,19.43,20.93748752
1,B,8,H,2,1.365,20.94,22.305,20.93748752,22.30021631
1,B,8,H,3,0.05,22.305,22.355,22.30021631,22.35013311
1,B,8,H,9,0.08,22.355,22.435,22.35013311,22.43
1,B,9,H,1,1.5,22.43,23.93,22.43,23.92303251
1,B,9,H,2,1.429,23.93,25.359,23.92303251,25.34539482
1,B,9,H,9,0.085,25.359,25.444000000000003,25.34539482,25.43
1,B,10,H,1,0.67,25.43,26.1,25.43,26.1
1,B,10,H,2,0.88,26.1,26.98,26.1,26.98
1,B,10,H,9,0.1,26.98,27.08,26.98,27.08
1,B,11,H,1,1.506,27.13,28.636,27.13,28.63549817
1,B,11,H,2,1.415,28.636,30.051,28.63549817,30.05002666
1,B,11,H,9,0.08,30.051,30.131,30.05002666,30.13
1,B,12,H,1,1.5030000000000001,30.13,31.633000000000003,30.13,31.6314985
1,B,12,H,2,1.425,31.633000000000003,33.058,31.6314985,33.05507493
1,B,12,H,9,0.075,33.058,33.133,33.05507493,33.13
1,B,13,H,1,1.15,33.13,34.28,33.13,34.28
1,B,13,H,2,1.055,34.28,35.335,34.28,35.335
1,B,13,H,3,0.05,35.335,35.385,35.335,35.385
1,B,14,H,1,1.4909999999999999,35.73,37.221,35.73,37.22045405
1,B,14,H,2,1.14,37.221,38.361,37.22045405,38.36003662
1,B,14,H,9,0.1,38.361,38.461,38.36003662,38.46
1,B,15,H,1,1.5019999999999998,38.46,39.961999999999996,38.46,39.95209158
1,B,15,H,2,0.975,39.961999999999996,40.937,39.95209158,40.92065968
1,B,15,H,3,0.06,40.937,40.997,40.92065968,40.98026387
1,B,15,H,9,0.04,40.997,41.037,40.98026387,41.02
1,B,16,H,1,1.504,41.02,42.523999999999994,41.02,42.51600607
1,B,16,H,2,1.01,42.523999999999994,43.534,42.51600607,43.52063781
1,B,16,H,9,0.12,43.534,43.653999999999996,43.52063781,43.64
1,B,17,H,1,0.2,43.64,43.84,43.64,43.82526316
1,B,17,H,2,1.505,43.84,45.345,43.82526316,45.21936842
1,B,17,H,3,0.61,45.345,45.955,45.21936842,45.78442105
1,B,17,H,9,0.06,45.955,46.015,45.78442105,45.84
1,B,18,H,1,1.5,45.84,47.34,45.84,47.3322813
1,B,18,H,2,1.3,47.34,48.64,47.3322813,48.62559177
1,B,18,H,3,0.065,48.64,48.705,48.62559177,48.69025729
1,B,18,H,9,0.05,48.705,48.755,48.69025729,48.74
1,B,19,H,1,1.44,48.74,50.18,48.74,50.13130435
1,B,19,H,2,1.445,50.18,51.625,50.13130435,51.52743961
1,B,19,H,3,0.14,51.625,51.765,51.52743961,51.66270531
1,B,19,H,9,0.08,51.765,51.845,51.66270531,51.74
1,B,20,H,1,0.15,51.74,51.89,51.74,51.89
1,B,20,H,2,1.36,51.89,53.25,51.89,53.25
1,B,20,H,3,1.15,53.25,54.4,53.25,54.4
1,B,20,H,4,0.13,54.4,54.53,54.4,54.53
1,B,20,H,9,0.05,54.53,54.58,54.53,54.58
1,B,21,H,1,0.905,54.74,55.645,54.74,55.43615385
1,B,21,H,2,1.005,55.645,56.65,55.43615385,56.20923077
1,B,21,H,9,0.04,56.65,56.69,56.20923077,56.24
1,B,22,H,1,0.9,56.24,57.14,56.24,56.92983137
1,B,22,H,2,0.742,57.14,57.882,56.92983137,57.49855902
1,B,22,H,3,0.275,57.882,58.157,57.49855902,57.70934083
1,B,22,H,9,0.04,58.157,58.196999999999996,57.70934083,57.74
1,B,23,H,1,0.3,57.74,58.04,57.74,58.04
1,B,23,H,2,1.234,58.04,59.273999999999994,58.04,59.273999999999994
1,B,23,H,3,1.365,59.273999999999994,60.638999999999996,59.273999999999994,60.638999999999996
1,B,23,H,4,0.05,60.638999999999996,60.68899999999999,60.638999999999996,60.68899999999999
1,B,23,H,9,0.04,60.68899999999999,60.729,60.68899999999999,60.729
1,B,24,H,1,1.48,60.74,62.22,60.74,62.16034549
1,B,24,H,2,0.8109999999999999,62.22,63.031000000000006,62.16034549,62.93865643
1,B,24,H,3,0.735,63.031000000000006,63.766000000000005,62.93865643,63.64403071
1,B,24,H,4,0.06,63.766000000000005,63.826,63.64403071,63.70161228
1,B,24,H,9,0.04,63.826,63.86600000000001,63.70161228,63.74
1,B,25,H,1,1.515,63.74,65.255,63.74,65.255
1,B,25,H,2,1.224,65.255,66.479,65.255,66.479
1,B,25,H,9,0.04,66.479,66.51899999999999,66.479,66.51899999999999
1,B,26,H,1,1.515,66.74,68.255,66.74,68.255
1,B,26,H,2,1.05,68.255,69.305,68.255,69.305
1,B,26,H,3,0.05,69.305,69.355,69.305,69.355
1,B,26,H,9,0.04,69.355,69.395,69.355,69.395
1,B,27,H,1,0.98,69.74,70.72,69.74,70.71463948
1,B,27,H,2,0.941,70.72,71.661,70.71463948,71.65049229
1,B,27,H,3,0.05,71.661,71.711,71.65049229,71.7002188
1,B,27,H,9,0.04,71.711,71.751,71.7002188,71.74
1,B,28,H,1,1.485,71.74,73.225,71.74,73.225
1,B,28,H,2,1.05,73.225,74.275,73.225,74.275
1,B,29,H,1,0.99,74.74,75.73,74.74,75.73
1,B,29,H,2,0.88,75.73,76.61,75.73,76.61
1,B,29,H,3,0.9129999999999999,76.61,77.523,76.61,77.523
1,B,29,H,9,0.09,77.523,77.613,77.523,77.613
1,B,30,H,1,1.5,76.74,78.24,76.74,78.24
1,B,30,H,2,0.9,78.24,79.14,78.24,79.14
1,B,30,H,9,0.05,79.14,79.19,79.14,79.19
1,B,31,H,1,1.035,78.74,79.775,78.74,79.775
1,B,31,H,2,1.115,79.775,80.89,79.775,80.89
1,B,31,H,3,0.053,80.89,80.943,80.89,80.943
1,B,31,H,9,0.01,80.943,80.953,80.943,80.953
1,B,32,H,1,1.505,81.74,83.245,81.74,83.23281377
1,B,32,H,2,0.885,83.245,84.13,83.23281377,84.11064777
1,B,32,H,3,0.05,84.13,84.18,84.11064777,84.16024291
1,B,32,H,9,0.03,84.18,84.21,84.16024291,84.19
1,B,33,H,1,0.15,84.19,84.34,84.19,84.33883626
1,B,33,H,2,0.52,84.34,84.86,84.33883626,84.85480196
1,B,33,H,3,1.19,84.86,86.05,84.85480196,86.03556962
1,B,33,H,4,0.439,86.05,86.48899999999999,86.03556962,86.47116374
1,B,33,H,5,0.05,86.48899999999999,86.539,86.47116374,86.52077583
1,B,33,H,9,0.1,86.539,86.639,86.52077583,86.62
1,B,34,H,1,0.20600000000000002,86.62,86.82600000000001,86.62,86.82600000000001
1,B,35,E,1,1.5,86.62,88.12,86.62,88.12
1,B,35,E,2,1.05,88.12,89.17,88.12,89.17
1,B,35,E,3,0.05,89.17,89.22,89.17,89.22
1,B,35,E,9,0.06,89.22,89.28,89.22,89.28
1,B,36,E,1,0.35,89.62,89.97,89.62,89.84361111
1,B,36,E,9,0.01,89.97,89.98,89.84361111,89.85
1,C,1,H,1,1.535,-0.13,1.405,0.0,1.535
1,C,2,H,1,1.505,1.4,2.905,1.53,3.035
1,C,2,H,2,1.133,2.905,4.038,3.035,4.168
1,C,2,H,9,0.01,4.038,4.048,4.168,4.178
1,C,3,H,1,1.505,4.4,5.905,4.53,6.035
1,C,3,H,2,1.444,5.905,7.349,6.035,7.479
1,C,3,H,9,0.05,7.349,7.399,7.479,7.529
1,C,4,H,1,1.51,7.4,8.91,7.53,9.04
1,C,4,H,2,1.25,8.91,10.16,9.04,10.29
1,C,4,H,9,0.05,10.16,10.21,10.29,10.34
1,C,5,H,1,1.495,9.0,10.495,9.13,10.625
1,C,5,H,2,1.02,10.495,11.515,10.625,11.645
1,C,5,H,9,0.03,11.515,11.545,11.645,11.675
1,C,6,H,1,1.5,12.0,13.5,12.13,13.61908008
1,C,6,H,2,1.432,13.5,14.932,13.61908008,15.0406552
1,C,6,H,9,0.09,14.932,15.022,15.0406552,15.13
1,C,7,H,1,1.4969999999999999,15.0,16.497,15.13,16.62450915
1,C,7,H,2,1.4280000000000002,16.497,17.925,16.62450915,18.05013311
1,C,7,H,9,0.08,17.925,18.005,18.05013311,18.13
1,C,8,H,1,1.355,17.0,18.355,17.13,18.485
1,C,8,H,2,1.0170000000000001,18.355,19.372,18.485,19.502
1,C,8,H,3,0.205,19.372,19.577,19.502,19.707
1,C,8,H,9,0.03,19.577,19.607,19.707,19.737000000000002
1,C,9,H,1,1.4480000000000002,20.0,21.448,20.13,21.578000000000003
1,C,9,H,2,1.345,21.448,22.793000000000003,21.578000000000003,22.923000000000002
1,C,9,H,9,0.03,22.793000000000003,22.823,22.923000000000002,22.953000000000003
1,C,10,H,1,1.505,23.0,24.505,23.13,24.635
1,C,10,H,2,1.425,24.505,25.93,24.635,26.06
1,C,10,H,9,0.01,25.93,25.94,26.06,26.07
1,C,11,H,1,1.515,26.0,27.515,26.13,27.645
1,C,11,H,2,1.41,27.515,28.925,27.645,29.055
1,C,11,H,9,0.01,28.925,28.935,29.055,29.065
1,C,12,H,1,1.505,29.0,30.505,29.13,30.58833333
1,C,12,H,2,0.995,30.505,31.5,30.58833333,31.55248062
1,C,12,H,9,0.08,31.5,31.58,31.55248062,31.63
1,C,13,H,1,1.5090000000000001,31.5,33.009,31.63,33.12603437
1,C,13,H,2,1.4369999999999998,33.009,34.446,33.12603437,34.55068738
1,C,13,H,9,0.08,34.446,34.525999999999996,34.55068738,34.63
1,C,14,H,1,1.5,34.5,36.0,34.63,36.13
1,C,14,H,2,1.275,36.0,37.275,36.13,37.405
1,C,14,H,9,0.075,37.275,37.35,37.405,37.48
1,C,15,H,1,1.4980000000000002,37.5,38.998000000000005,37.63,39.128
1,C,15,H,2,0.68,38.998000000000005,39.678000000000004,39.128,39.808
1,C,15,H,9,0.06,39.678000000000004,39.738,39.808,39.868
1,C,16,H,1,1.5,39.5,41.0,39.63,41.13
1,C,16,H,2,1.432,41.0,42.431999999999995,41.13,42.562
1,C,16,H,9,0.06,42.431999999999995,42.492,42.562,42.622
1,C,17,H,1,1.5,42.5,44.0,42.63,44.13
1,C,17,H,2,1.42,44.0,45.42,44.13,45.55
1,C,17,H,9,0.08,45.42,45.5,45.55,45.63
1,C,18,H,1,1.495,45.5,46.995,45.63,47.125
1,C,18,H,2,0.85,46.995,47.845,47.125,47.975
1,C,18,H,3,0.068,47.845,47.913000000000004,47.975,48.043
1,C,18,H,4,0.146,47.913000000000004,48.059,48.043,48.18899999999999
1,C,18,H,9,0.06,48.059,48.119,48.18899999999999,48.248999999999995
1,C,19,H,1,0.845,47.0,47.845,47.13,47.975
1,C,19,H,2,0.807,47.845,48.652,47.975,48.782
1,C,19,H,9,0.06,48.652,48.711999999999996,48.782,48.842
1,C,20,H,1,1.51,50.0,51.51,50.13,51.6152459
1,C,20,H,2,1.45,51.51,52.96,51.6152459,53.04147541
1,C,20,H,9,0.09,52.96,53.05,53.04147541,53.13
1,C,21,H,1,1.42,53.0,54.42,53.13,54.55
1,C,22,H,1,1.495,56.0,57.495,56.13,57.625
1,C,22,H,2,1.325,57.495,58.82,57.625,58.95
1,C,22,H,9,0.06,58.82,58.88,58.95,59.01
1,C,23,H,1,1.495,59.0,60.495,59.13,60.58475187
1,C,23,H,2,0.688,60.495,61.183,60.58475187,61.25422965
1,C,23,H,3,0.71,61.183,61.893,61.25422965,61.94511515
1,C,23,H,4,0.13,61.893,62.023,61.94511515,62.07161531
1,C,23,H,9,0.06,62.023,62.083,62.07161531,62.13
1,C,24,H,1,1.518,62.0,63.518,62.13,63.62654946
1,C,24,H,2,1.45,63.518,64.968,63.62654946,65.05605981
1,C,24,H,9,0.075,64.968,65.043,65.05605981,65.13
1,C,25,H,1,0.955,65.0,65.955,65.13,66.085
1,C,25,H,2,0.8,65.955,66.755,66.085,66.885
1,C,25,H,3,0.83,66.755,67.585,66.885,67.715
1,C,25,H,9,0.06,67.585,67.645,67.715,67.775
1,C,26,H,1,1.5,68.0,69.5,68.13,69.63
1,C,26,H,2,1.3,69.5,70.8,69.63,70.93
1,C,26,H,9,0.045,70.8,70.845,70.93,70.975
1,C,27,H,1,1.5,70.5,72.0,70.63,72.13
1,C,27,H,2,1.0290000000000001,72.0,73.029,72.13,73.15899999999999
1,C,27,H,3,0.18,73.029,73.209,73.15899999999999,73.339
1,C,27,H,9,0.07,73.209,73.279,73.339,73.40899999999999
1,C,28,H,1,1.5,73.5,75.0,73.63,75.13
1,C,28,H,2,1.325,75.0,76.325,75.13,76.455
1,C,28,H,9,0.04,76.325,76.365,76.455,76.495
1,C,29,H,1,1.51,76.5,78.01,76.63,78.14
1,C,29,H,2,1.12,78.01,79.13,78.14,79.26
1,C,29,H,9,0.05,79.13,79.18,79.26,79.31
1,C,30,H,1,0.9440000000000001,79.5,80.444,79.63,80.574
1,C,30,H,9,0.01,80.444,80.454,80.574,80.584
1,C,31,E,1,0.995,80.5,81.495,80.63,81.53660592
1,C,31,E,2,1.19,81.495,82.685,81.53660592,82.62088838
1,C,31,E,9,0.01,82.685,82.695,82.62088838,82.63
2,A,1,H,1,0.615,0.0,0.615,0.0,0.615
2,A,1,H,9,0.09,0.615,0.705,0.615,0.705
2,A,2,H,1,1.51,0.7,2.21,0.7,2.21
2,A,2,H,2,0.9129999999999999,2.21,3.123,2.21,3.123
2,A,2,H,9,0.07,3.123,3.193,3.123,3.193
2,A,3,H,1,1.25,3.7,4.95,3.7,4.95
2,A,3,H,2,1.38,4.95,6.33,4.95,6.33
2,A,3,H,9,0.06,6.33,6.39,6.33,6.39
2,A,4,H,1,1.0170000000000001,6.7,7.7170000000000005,6.7,7.7170000000000005
2,A,4,H,2,0.535,7.7170000000000005,8.252,7.7170000000000005,8.252
2,A,4,H,3,1.07,8.252,9.322000000000001,8.252,9.322000000000001
2,A,4,H,4,0.161,9.322000000000001,9.482999999999999,9.322000000000001,9.482999999999999
2,A,4,H,9,0.08,9.482999999999999,9.562999999999999,9.482999999999999,9.562999999999999
2,A,5,H,1,1.5019999999999998,9.7,11.202,9.7,11.19551942
2,A,5,H,2,1.4269999999999998,11.202,12.629000000000001,11.19551942,12.61636243
2,A,5,H,9,0.084,12.629000000000001,12.713,12.61636243,12.7
2,A,6,H,1,1.51,12.7,14.21,12.7,14.18281506
2,A,6,H,2,1.46,14.21,15.67,14.18281506,15.61653028
2,A,6,H,9,0.085,15.67,15.755,15.61653028,15.7
2,A,7,H,1,1.505,15.7,17.205,15.7,17.205
2,A,7,H,2,1.425,17.205,18.63,17.205,18.63
2,A,8,H,1,1.5030000000000001,18.7,20.203,18.7,20.203
2,A,8,H,2,1.41,20.203,21.613000000000003,20.203,21.613000000000003
2,A,8,H,9,0.02,21.613000000000003,21.633000000000003,21.613000000000003,21.633000000000003
2,A,9,H,1,1.5019999999999998,21.7,23.201999999999998,21.7,23.201999999999998
2,A,9,H,2,1.32,23.201999999999998,24.522,23.201999999999998,24.522
2,A,9,H,9,0.06,24.522,24.581999999999997,24.522,24.581999999999997
2,A,10,H,1,1.505,24.7,26.205,24.7,26.1618798
2,A,10,H,2,1.272,26.205,27.476999999999997,26.1618798,27.39743536
2,A,10,H,9,0.085,27.476999999999997,27.561999999999998,27.39743536,27.48
2,A,11,H,1,1.51,27.48,28.99,27.48,28.99
2,A,11,H,2,1.405,28.99,30.395,28.99,30.395
2,A,11,H,9,0.06,30.395,30.455,30.395,30.455
2,A,12,H,1,1.506,30.48,31.986,30.48,31.95985588
2,A,12,H,2,1.4569999999999999,31.986,33.443000000000005,31.95985588,33.3915624
2,A,12,H,9,0.09,33.443000000000005,33.533,33.3915624,33.48
2,A,13,H,1,1.49,33.48,34.97,33.48,34.97
2,A,13,H,2,1.39,34.97,36.36,34.97,36.36
2,A,13,H,9,0.075,36.36,36.435,36.36,36.435
2,A,14,H,1,1.505,36.48,37.985,36.48,37.985
2,A,14,H,2,1.4480000000000002,37.985,39.433,37.985,39.433
2,A,14,H,9,0.04,39.433,39.473,39.433,39.473
2,A,15,H,1,1.49,39.48,40.97,39.48,40.97
2,A,15,H,2,1.435,40.97,42.405,40.97,42.405
2,A,15,H,9,0.07,42.405,42.475,42.405,42.475
2,A,16,H,1,1.505,42.48,43.985,42.48,43.985
2,A,16,H,2,1.4409999999999998,43.985,45.426,43.985,45.426
2,A,16,H,9,0.01,45.426,45.43600000000001,45.426,45.43600000000001
2,A,17,H,1,1.51,45.48,46.99,45.48,46.99
2,A,17,H,2,1.405,46.99,48.395,46.99,48.395
2,A,17,H,9,0.03,48.395,48.425,48.395,48.425
2,A,18,H,1,1.51,48.48,49.99,48.48,49.98
2,A,18,H,2,1.46,49.99,51.45,49.98,51.43033113
2,A,18,H,9,0.05,51.45,51.5,51.43033113,51.48
2,A,19,H,1,1.49,51.48,52.97,51.48,52.97
2,A,19,H,2,1.4680000000000002,52.97,54.438,52.97,54.438
2,A,19,H,9,0.023,54.438,54.461000000000006,54.438,54.461000000000006
2,A,20,E,1,1.5130000000000001,54.48,55.993,54.48,55.82768409
2,A,20,E,2,0.92,55.993,56.913000000000004,55.82768409,56.64716152
2,A,20,E,3,0.925,56.913000000000004,57.838,56.64716152,57.47109264
2,A,20,E,9,0.01,57.838,57.848,57.47109264,57.48
2,A,21,E,1,1.355,57.48,58.835,57.48,58.835
2,A,21,E,9,0.09,58.835,58.925,58.835,58.925
2,A,22,E,1,1.5,60.48,61.98,60.48,61.98
2,A,22,E,2,0.6,61.98,62.58,61.98,62.58
2,A,22,E,9,0.13,62.58,62.71,62.58,62.71
2,A,23,E,1,1.43,63.48,64.91,63.48,64.91
2,B,1,H,1,1.505,0.0,1.505,0.0,1.505
2,B,1,H,2,0.585,1.505,2.09,1.505,2.09
2,B,1,H,9,0.05,2.09,2.14,2.09,2.14
2,B,2,H,1,1.52,2.2,3.72,2.14,3.611917366
2,B,2,H,2,0.77,3.72,4.49,3.611917366,4.357559716
2,B,2,H,3,0.44299999999999995,4.49,4.933,4.357559716,4.786546158999999
2,B,2,H,4,0.098,4.933,5.031000000000001,4.786546158999999,4.881446094
2,B,2,H,5,0.177,5.031000000000001,5.207999999999999,4.881446094,5.052846998
2,B,2,H,9,0.09,5.207999999999999,5.297999999999999,5.052846998,5.14
2,B,3,H,1,1.28,5.2,6.48,5.14,6.42
2,B,3,H,2,0.76,6.48,7.24,6.42,7.18
2,B,3,H,9,0.08,7.24,7.32,7.18,7.26
2,B,4,H,1,1.51,8.2,9.71,8.14,9.64
2,B,4,H,2,1.28,9.71,10.99,9.64,10.91152318
2,B,4,H,3,0.08,10.99,11.07,10.91152318,10.99099338
2,B,4,H,4,0.1,11.07,11.17,10.99099338,11.09033113
2,B,4,H,9,0.05,11.17,11.22,11.09033113,11.14
2,B,5,H,1,1.02,11.2,12.22,11.14,12.16
2,B,5,H,2,0.94,12.22,13.16,12.16,13.1
2,B,5,H,3,0.8440000000000001,13.16,14.004000000000001,13.1,13.944
2,B,5,H,4,0.115,14.004000000000001,14.119000000000002,13.944,14.059000000000001
2,B,5,H,9,0.03,14.119000000000002,14.149000000000001,14.059000000000001,14.089
2,B,6,H,1,1.5,14.2,15.7,14.14,15.64
2,B,6,H,2,1.41,15.7,17.11,15.64,17.05
2,B,6,H,9,0.08,17.11,17.19,17.05,17.13
2,B,7,H,1,1.505,17.2,18.705,17.14,18.645
2,B,7,H,2,1.3,18.705,20.005,18.645,19.945
2,B,7,H,9,0.085,20.005,20.09,19.945,20.03
2,B,8,H,1,1.4980000000000002,20.2,21.698,20.14,21.638
2,B,8,H,2,1.4069999999999998,21.698,23.105,21.638,23.045
2,B,8,H,9,0.05,23.105,23.155,23.045,23.095
2,B,9,H,1,1.5019999999999998,23.2,24.701999999999998,23.14,24.642
2,B,9,H,2,1.425,24.701999999999998,26.127,24.642,26.066999999999997
2,B,9,H,9,0.02,26.127,26.147,26.066999999999997,26.087
2,B,10,H,1,1.5,26.2,27.7,26.14,27.64
2,B,10,H,2,1.265,27.7,28.965,27.64,28.905
2,B,10,H,9,0.02,28.965,28.985,28.905,28.925
2,B,11,H,1,1.48,29.2,30.68,29.14,30.62
2,B,11,H,2,1.39,30.68,32.07,30.62,32.01
2,B,11,H,9,0.08,32.07,32.15,32.01,32.09
2,B,12,H,1,1.48,32.2,33.68,32.14,33.61950683
2,B,12,H,2,1.4509999999999998,33.68,35.131,33.61950683,35.07002333
2,B,12,H,9,0.07,35.131,35.201,35.07002333,35.14
2,B,13,H,1,1.48,35.2,36.68,35.14,36.62
2,B,13,H,2,1.445,36.68,38.125,36.62,38.065
2,B,13,H,9,0.06,38.125,38.185,38.065,38.125
2,B,14,H,1,1.505,38.2,39.705,38.14,39.64249584
2,B,14,H,2,1.48,39.705,41.185,39.64249584,41.12003328
2,B,14,H,9,0.02,41.185,41.205,41.12003328,41.14
2,C,1,H,1,0.205,41.2,41.405,41.2,41.405
2,C,1,H,2,0.08,41.405,41.485,41.405,41.485
2,C,1,H,3,0.945,41.485,42.43,41.485,42.43
2,C,1,H,4,1.385,42.43,43.815,42.43,43.815
2,C,1,H,9,0.02,43.815,43.835,43.815,43.835
2,C,2,H,1,1.5030000000000001,44.2,45.703,44.2,45.703
2,C,2,H,2,1.33,45.703,47.033,45.703,47.033
2,C,2,H,9,0.06,47.033,47.093,47.033,47.093
2,C,3,H,1,1.485,47.2,48.685,47.2,48.685
2,C,3,H,2,1.45,48.685,50.135,48.685,50.135
2,C,3,H,9,0.05,50.135,50.185,50.135,50.185
2,C,4,H,1,1.505,50.2,51.705,50.2,51.705
2,C,4,H,2,1.035,51.705,52.74,51.705,52.74
2,C,4,H,9,0.02,52.74,52.76,52.74,52.76
2,C,5,H,1,1.495,52.76,54.255,52.76,54.255
2,C,5,H,2,1.078,54.255,55.333,54.255,55.333
2,C,5,H,9,0.027000000000000003,55.333,55.36,55.333,55.36
2,C,6,H,1,1.51,55.36,56.87,55.36,56.87
2,C,6,H,2,1.13,56.87,58.0,56.87,58.0
2,C,6,H,9,0.02,58.0,58.02,58.0,58.02
2,C,8,E,9,0.07,58.1,58.17,58.1,58.17
2,C,9,H,1,1.465,61.1,62.565,61.1,62.56379026
2,C,9,H,2,0.9570000000000001,62.565,63.522,62.56379026,63.52
2,C,10,H,1,1.51,63.52,65.03,63.52,65.03
2,C,10,H,9,0.02,65.03,65.05,65.03,65.05
2,C,11,A,1,1.046,65.05,66.096,65.05,66.096
2,C,11,A,9,0.08,66.096,66.176,66.096,66.176
2,C,12,A,1,0.155,67.25,67.405,67.25,67.405
2,C,13,E,1,1.501,70.4,71.90100000000001,70.4,71.77244742
2,C,13,E,2,1.5,71.90100000000001,73.40100000000001,71.77244742,73.14398049
2,C,13,E,3,0.26,73.40100000000001,73.661,73.14398049,73.38171289
2,C,13,E,9,0.02,73.661,73.681,73.38171289,73.4
2,C,14,E,1,0.35600000000000004,73.4,73.756,73.4,73.756
2,C,14,E,9,0.03,73.756,73.786,73.756,73.786
2,C,15,E,1,0.085,76.4,76.485,76.4,76.485
2,C,15,E,9,0.01,76.485,76.495,76.485,76.495
2,C,16,E,1,0.142,79.4,79.542,79.4,79.542
2,D,1,H,1,1.4980000000000002,0.0,1.4980000000000002,0.0,1.4980000000000002
2,D,1,H,2,1.345,1.4980000000000002,2.843,1.4980000000000002,2.843
2,D,1,H,9,0.08,2.843,2.923,2.843,2.923
2,D,2,H,1,1.5,2.95,4.45,2.923,4.369945338
2,D,2,H,2,1.48,4.45,5.93,4.369945338,5.797598071
2,D,2,H,9,0.13,5.93,6.06,5.797598071,5.922999999999999
2,D,3,H,1,1.52,5.95,7.47,5.922999999999999,7.372920509
2,D,3,H,2,1.245,7.47,8.715,7.372920509,8.560519872999999
2,D,3,H,3,0.25,8.715,8.965,8.560519872999999,8.798993641000001
2,D,3,H,9,0.13,8.965,9.095,8.798993641000001,8.923
2,D,4,H,1,0.86,8.95,9.81,8.923,9.783
2,D,4,H,9,0.08,9.81,9.89,9.783,9.863
2,D,5,H,1,1.499,11.95,13.449000000000002,11.923,13.422
2,D,5,H,2,1.2819999999999998,13.449000000000002,14.731,13.422,14.704
2,D,5,H,9,0.11,14.731,14.841,14.704,14.814
2,D,6,H,1,1.49,14.95,16.44,14.923,16.413
2,D,6,H,2,1.295,16.44,17.735,16.413,17.708
2,D,6,H,3,0.054000000000000006,17.735,17.789,17.708,17.762
2,D,6,H,9,0.06,17.789,17.849,17.762,17.822
2,D,7,H,1,1.508,17.95,19.458,17.923,19.41952663
2,D,7,H,2,1.395,19.458,20.853,19.41952663,20.803913
2,D,7,H,3,0.05,20.853,20.903000000000002,20.803913,20.85353258
2,D,7,H,9,0.07,20.903000000000002,20.973000000000003,20.85353258,20.923000000000002
2,D,8,H,1,1.48,20.95,22.43,20.923000000000002,22.403000000000002
2,D,8,H,2,1.402,22.43,23.831999999999997,22.403000000000002,23.805
2,D,8,H,3,0.053,23.831999999999997,23.885,23.805,23.858
2,D,8,H,9,0.05,23.885,23.935,23.858,23.908
2,D,9,H,1,1.5,23.95,25.45,23.923000000000002,25.423000000000002
2,D,9,H,2,1.386,25.45,26.836,25.423000000000002,26.809
2,D,9,H,3,0.055,26.836,26.891,26.809,26.864
2,D,10,H,1,1.479,26.95,28.429000000000002,26.923000000000002,28.401999999999997
2,D,10,H,2,1.4169999999999998,28.429000000000002,29.846,28.401999999999997,29.819000000000003
2,D,10,H,3,0.083,29.846,29.929000000000002,29.819000000000003,29.901999999999997
2,D,10,H,9,0.01,29.929000000000002,29.939,29.901999999999997,29.912
2,D,11,H,1,1.48,29.95,31.43,29.923000000000002,31.403000000000002
2,D,11,H,2,1.3869999999999998,31.43,32.817,31.403000000000002,32.79
2,D,11,H,3,0.051,32.817,32.868,32.79,32.841
2,D,11,H,9,0.04,32.868,32.908,32.841,32.881
2,D,12,H,1,1.26,32.95,34.21,32.923,34.183
2,D,12,H,2,1.0070000000000001,34.21,35.217,34.183,35.19
2,D,12,H,3,0.5820000000000001,35.217,35.799,35.19,35.772
2,D,12,H,9,0.05,35.799,35.849000000000004,35.772,35.821999999999996
2,D,13,H,1,1.52,35.95,37.47,35.923,37.443000000000005
2,D,13,H,2,1.422,37.47,38.891999999999996,37.443000000000005,38.865
2,D,13,H,9,0.05,38.891999999999996,38.942,38.865,38.915
2,D,14,H,1,1.52,38.95,40.47,38.923,40.443000000000005
2,D,14,H,2,1.431,40.47,41.901,40.443000000000005,41.873999999999995
2,D,14,H,9,0.03,41.901,41.931000000000004,41.873999999999995,41.903999999999996
2,E,1,H,1,1.5019999999999998,45.0,46.501999999999995,45.0,46.501999999999995
2,E,1,H,2,1.413,46.501999999999995,47.915,46.501999999999995,47.915
2,E,1,H,3,0.05,47.915,47.965,47.915,47.965
2,E,1,H,9,0.02,47.965,47.985,47.965,47.985
2,E,2,H,1,1.25,58.2,59.45,58.2,59.44007937
2,E,2,H,9,0.01,59.45,59.46,59.44007937,59.45
2,E,3,H,9,0.03,59.45,59.48,59.45,59.48
2,E,4,E,1,1.5,59.45,60.95,59.45,60.95
2,E,4,E,2,1.08,60.95,62.03,60.95,62.03
2,E,4,E,9,0.145,62.03,62.175,62.03,62.175
2,E,5,H,1,1.525,62.45,63.975,62.45,63.95246305
2,E,5,H,2,1.52,63.975,65.495,63.95246305,65.45
2,E,6,H,1,1.45,65.45,66.9,65.45,66.9
2,E,6,H,2,0.96,66.9,67.86,66.9,67.86
2,E,6,H,9,0.03,67.86,67.89,67.86,67.89
3,A,1,H,1,1.51,0.8,2.31,0.8,2.31
3,A,1,H,2,1.14,2.31,3.45,2.31,3.45
3,A,1,H,9,0.03,3.45,3.48,3.45,3.48
3,A,2,H,1,1.45,3.8,5.25,3.8,5.25
3,A,2,H,2,1.392,5.25,6.642,5.25,6.642
3,A,2,H,9,0.152,6.642,6.794,6.642,6.794
3,A,3,H,1,1.5,6.8,8.3,6.8,8.3
3,A,3,H,2,1.27,8.3,9.57,8.3,9.57
3,A,3,H,9,0.11599999999999999,9.57,9.686,9.57,9.686
3,A,4,H,1,1.5030000000000001,9.8,11.302999999999999,9.8,11.3014985
3,A,4,H,2,1.38,11.302999999999999,12.683,11.3014985,12.68011988
3,A,4,H,9,0.12,12.683,12.802999999999999,12.68011988,12.8
3,A,5,H,1,1.505,12.8,14.305,12.8,14.29751244
3,A,5,H,2,1.44,14.305,15.745,14.29751244,15.73034826
3,A,5,H,9,0.07,15.745,15.815,15.73034826,15.8
3,A,6,H,1,1.5,15.8,17.3,15.8,17.3
3,A,6,H,2,1.46,17.3,18.76,17.3,18.76
3,A,6,H,9,0.01,18.76,18.77,18.76,18.77
3,A,7,H,1,1.5,18.8,20.3,18.8,20.3
3,A,7,H,2,1.45,20.3,21.75,20.3,21.75
3,A,7,H,9,0.03,21.75,21.78,21.75,21.78
3,A,8,H,1,1.5,21.8,23.3,21.8,23.3
3,A,8,H,2,1.48,23.3,24.78,23.3,24.78
3,A,8,H,9,0.01,24.78,24.79,24.78,24.79
3,A,9,H,1,1.51,24.8,26.31,24.8,26.285245899999996
3,A,9,H,2,1.45,26.31,27.76,26.285245899999996,27.71147541
3,A,9,H,9,0.09,27.76,27.85,27.71147541,27.8
3,A,10,H,1,1.505,27.8,29.305,27.8,29.29503311
3,A,10,H,2,1.455,29.305,30.76,29.29503311,30.74039735
3,A,10,H,9,0.06,30.76,30.82,30.74039735,30.8
3,A,11,H,1,1.5,30.8,32.3,30.8,32.29501661
3,A,11,H,2,1.45,32.3,33.75,32.29501661,33.74019934
3,A,11,H,9,0.06,33.75,33.81,33.74019934,33.8
3,A,12,H,1,1.5,33.8,35.3,33.8,35.3
3,A,12,H,2,1.44,35.3,36.74,35.3,36.74
3,A,12,H,9,0.03,36.74,36.77,36.74,36.77
3,A,13,H,1,1.51,36.8,38.31,36.8,38.31
3,A,13,H,2,1.42,38.31,39.73,38.31,39.73
3,A,13,H,9,0.02,39.73,39.75,39.73,39.75
3,A,14,H,1,1.5,39.8,41.3,39.8,41.3
3,A,14,H,2,1.45,41.3,42.75,41.3,42.75
3,A,14,H,9,0.02,42.75,42.77,42.75,42.77
3,A,15,H,1,1.52,42.8,44.32,42.8,44.32
3,A,15,H,2,1.43,44.32,45.75,44.32,45.75
3,A,15,H,9,0.01,45.75,45.76,45.75,45.76
3,A,16,H,1,1.5,45.8,47.3,45.8,47.3
3,A,16,H,2,1.43,47.3,48.73,47.3,48.73
3,A,16,H,9,0.03,48.73,48.76,48.73,48.76
3,A,17,H,1,1.35,48.8,50.15,48.8,50.15
3,A,17,H,9,0.09,50.15,50.24,50.15,50.24
3,A,18,H,1,1.505,50.3,51.805,50.3,51.805
3,A,18,H,2,1.445,51.805,53.25,51.805,53.25
3,A,18,H,9,0.01,53.25,53.26,53.25,53.26
3,A,19,H,1,0.35,53.3,53.65,53.3,53.65
3,A,19,H,2,1.5,53.65,55.15,53.65,55.15
3,A,19,H,3,1.01,55.15,56.16,55.15,56.16
3,A,19,H,9,0.13,56.16,56.29,56.16,56.29
3,A,20,E,1,1.51,56.3,57.81,56.3,57.6054755
3,A,20,E,2,0.91,57.81,58.72,57.6054755,58.39221902
3,A,20,E,3,0.96,58.72,59.68,58.39221902,59.2221902
3,A,20,E,9,0.09,59.68,59.77,59.2221902,59.3
3,A,21,E,1,1.5,59.3,60.8,59.3,60.78760331
3,A,21,E,2,1.435,60.8,62.235,60.78760331,62.210743799999996
3,A,21,E,9,0.09,62.235,62.325,62.210743799999996,62.3
3,A,22,E,1,0.81,62.3,63.11,62.3,63.11
3,A,22,E,2,0.88,63.11,63.99,63.11,63.99
3,A,22,E,9,0.09,63.99,64.08,63.99,64.08
3,A,23,E,1,0.07,65.3,65.37,65.3,65.35998286
3,A,23,E,2,0.092,65.37,65.462,65.35998286,65.43881748
3,A,23,E,3,0.24,65.462,65.702,65.43881748,65.64447301
3,A,23,E,4,1.504,65.702,67.206,65.64447301,66.93324764
3,A,23,E,5,1.5,67.206,68.706,66.93324764,68.21859469
3,A,23,E,9,0.095,68.706,68.801,68.21859469,68.3
3,A,24,E,1,1.5219999999999998,68.3,69.822,68.3,69.78150552
3,A,24,E,2,1.52,69.822,71.342,69.78150552,71.26106424
3,A,24,E,9,0.04,71.342,71.382,71.26106424,71.3
3,A,25,E,1,1.04,71.3,72.34,71.3,72.27045101
3,A,25,E,2,1.09,72.34,73.43,72.27045101,73.28755832
3,A,25,E,3,1.0,73.43,74.43,73.28755832,74.22068429
3,A,25,E,9,0.085,74.43,74.515,74.22068429,74.3
3,A,26,E,1,1.5,74.3,75.8,74.3,75.8
3,A,26,E,2,1.47,75.8,77.27,75.8,77.27
3,A,26,E,9,0.03,77.27,77.3,77.27,77.3
3,A,27,E,1,1.5,77.3,78.8,77.3,78.67614679
3,A,27,E,2,1.5,78.8,80.3,78.67614679,80.05229358
3,A,27,E,3,0.21,80.3,80.51,80.05229358,80.24495413
3,A,27,E,9,0.06,80.51,80.57,80.24495413,80.3
3,A,28,E,1,0.22,80.3,80.52,80.3,80.50091324
3,A,28,E,2,1.505,80.52,82.025,80.50091324,81.87534247
3,A,28,E,3,1.5,82.025,83.525,81.87534247,83.24520548
3,A,28,E,9,0.06,83.525,83.585,83.24520548,83.3
3,A,29,E,1,1.5019999999999998,83.3,84.802,83.3,84.74099776
3,A,29,E,2,1.5,84.802,86.302,84.74099776,86.18007675
3,A,29,E,3,0.095,86.302,86.397,86.18007675,86.27121842
3,A,29,E,9,0.03,86.397,86.427,86.27121842,86.3
3,A,30,E,1,0.92,86.3,87.22,86.3,87.22
3,A,30,E,9,0.09,87.22,87.31,87.22,87.31
3,A,31,A,1,0.745,87.28,88.025,87.28,88.025
3,A,31,A,9,0.095,88.025,88.12,88.025,88.12
3,A,32,E,1,0.235,90.28,90.515,90.28,90.49266968
3,A,32,E,2,1.5,90.515,92.015,90.49266968,91.85013575
3,A,32,E,3,1.5,92.015,93.515,91.85013575,93.20760181
3,A,32,E,9,0.08,93.515,93.595,93.20760181,93.28
3,A,33,E,1,1.446,93.28,94.726,93.28,94.726
3,A,33,E,9,0.07,94.726,94.796,94.726,94.796
3,A,34,A,1,0.17,95.13,95.3,95.13,95.3
3,B,1,H,1,1.51,-0.59,0.92,0.0,1.51
3,B,1,H,2,1.32,0.92,2.24,1.51,2.83
3,B,1,H,9,0.07,2.24,2.31,2.83,2.9
3,B,2,H,1,1.515,2.3,3.815,2.89,4.372871126000001
3,B,2,H,2,1.42,3.815,5.235,4.372871126000001,5.7627569329999995
3,B,2,H,9,0.13,5.235,5.365,5.7627569329999995,5.89
3,B,3,H,1,1.51,5.3,6.81,5.89,7.4
3,B,3,H,2,1.4180000000000001,6.81,8.228,7.4,8.818
3,B,3,H,9,0.06,8.228,8.288,8.818,8.878
3,B,4,H,1,1.52,8.3,9.82,8.89,10.41
3,B,4,H,2,1.2,9.82,11.02,10.41,11.61
3,B,4,H,3,0.05,11.02,11.07,11.61,11.66
3,B,4,H,9,0.02,11.07,11.09,11.66,11.68
3,B,5,H,1,1.51,11.3,12.81,11.89,13.4
3,B,5,H,2,1.3530000000000002,12.81,14.163,13.4,14.753
3,B,5,H,9,0.025,14.163,14.187999999999999,14.753,14.777999999999999
3,B,6,H,1,1.5,14.3,15.8,14.89,16.39
3,B,6,H,2,1.405,15.8,17.205,16.39,17.795
3,B,6,H,9,0.09,17.205,17.295,17.795,17.885
3,B,7,H,1,1.52,17.3,18.82,17.89,19.40747088
3,B,7,H,2,1.365,18.82,20.185,19.40747088,20.77019967
3,B,7,H,9,0.12,20.185,20.305,20.77019967,20.89
3,B,8,H,1,1.505,20.3,21.805,20.89,22.395
3,B,8,H,2,1.4,21.805,23.205,22.395,23.795
3,B,8,H,9,0.05,23.205,23.255,23.795,23.845
3,B,9,H,1,1.525,23.3,24.825,23.89,25.39741351
3,B,9,H,2,1.46,24.825,26.285,25.39741351,26.84057661
3,B,9,H,9,0.05,26.285,26.335,26.84057661,26.89
3,B,10,H,1,1.52,26.3,27.82,26.89,28.38019608
3,B,10,H,2,1.46,27.82,29.28,28.38019608,29.81156863
3,B,10,H,9,0.08,29.28,29.36,29.81156863,29.89
3,B,11,H,1,1.52,29.3,30.82,29.89,31.37534202
3,B,11,H,2,1.46,30.82,32.28,31.37534202,32.80205212
3,B,11,H,9,0.09,32.28,32.37,32.80205212,32.89
3,B,12,E,1,0.875,32.3,33.175,32.89,33.765
3,B,12,E,2,1.5,33.175,34.675,33.765,35.265
3,B,12,E,9,0.1,34.675,34.775,35.265,35.365
3,B,13,E,1,1.5,35.3,36.8,35.89,37.35293888
3,B,13,E,2,1.49,36.8,38.29,37.35293888,38.80612484
3,B,13,E,9,0.086,38.29,38.376,38.80612484,38.89
3,B,14,E,1,1.517,38.3,39.817,38.89,40.32791469
3,B,14,E,2,1.5230000000000001,39.817,41.34,40.32791469,41.77151659
3,B,14,E,9,0.125,41.34,41.465,41.77151659,41.89
3,B,15,E,1,1.51,41.3,42.81,41.89,43.34192308
3,B,15,E,2,1.505,42.81,44.315,43.34192308,44.78903846
3,B,15,E,9,0.105,44.315,44.42,44.78903846,44.89
3,B,16,E,1,1.505,44.3,45.805,44.89,46.35353323
3,B,16,E,2,1.51,45.805,47.315,46.35353323,47.82192869
3,B,16,E,3,0.05,47.315,47.365,47.82192869,47.87055105
3,B,16,E,9,0.02,47.365,47.385,47.87055105,47.89
3,B,17,E,1,1.5,47.3,48.8,47.89,49.36982063
3,B,17,E,2,0.66,48.8,49.46,49.36982063,50.0209417
3,B,17,E,3,0.05,49.46,49.51,50.0209417,50.07026906
3,B,17,E,9,0.02,49.51,49.53,50.07026906,50.09
3,B,18,E,1,0.28,49.5,49.78,50.09,50.37
3,B,18,E,9,0.12,49.78,49.9,50.37,50.49
3,B,19,E,1,1.52,51.8,53.32,52.39,53.79307692
3,B,19,E,2,1.52,53.32,54.84,53.79307692,55.19615385
3,B,19,E,3,0.1,54.84,54.94,55.19615385,55.28846154
3,B,19,E,9,0.11,54.94,55.05,55.28846154,55.39
3,B,20,E,1,1.5,54.8,56.3,55.39,56.85341463
3,B,20,E,2,1.455,56.3,57.755,56.85341463,58.27292683
3,B,20,E,3,0.055,57.755,57.81,58.27292683,58.32658537
3,B,20,E,9,0.065,57.81,57.875,58.32658537,58.39
3,B,21,E,1,1.505,57.8,59.305,58.39,59.8348
3,B,21,E,2,1.5,59.305,60.805,59.8348,61.2748
3,B,21,E,3,0.09,60.805,60.895,61.2748,61.3612
3,B,21,E,9,0.03,60.895,60.925,61.3612,61.39
3,B,22,E,1,1.515,60.8,62.315,61.39,62.85849758
3,B,22,E,2,1.51,62.315,63.825,62.85849758,64.32214863
3,B,22,E,3,0.06,63.825,63.885,64.32214863,64.38030695
3,B,22,E,9,0.01,63.885,63.895,64.38030695,64.39
3,B,23,E,1,1.5,63.8,65.3,64.39,65.80955836
3,B,23,E,2,0.8,65.3,66.1,65.80955836,66.56665615
3,B,23,E,3,0.79,66.1,66.89,66.56665615,67.31429022
3,B,23,E,4,0.05,66.89,66.94,67.31429022,67.36160883
3,B,23,E,9,0.03,66.94,66.97,67.36160883,67.39
3,B,24,E,1,1.175,68.67,69.845,69.26,70.435
3,B,24,E,9,0.01,69.845,69.855,70.435,70.445
3,B,25,E,1,1.505,69.8,71.305,70.39,71.81879747
3,B,25,E,2,0.805,71.305,72.11,71.81879747,72.58303797
3,B,25,E,3,0.06,72.11,72.17,72.58303797,72.64
3,B,25,E,4,0.77,72.17,72.94,72.64,73.37101266
3,B,25,E,9,0.02,72.94,72.96,73.37101266,73.39
3,B,26,E,1,1.51,72.8,74.31,73.39,74.81677165
3,B,26,E,2,0.81,74.31,75.12,74.81677165,75.58212598
3,B,26,E,3,0.8,75.12,75.92,75.58212598,76.3380315
3,B,26,E,4,0.05,75.92,75.97,76.3380315,76.38527559
3,B,26,E,9,0.005,75.97,75.975,76.38527559,76.39
3,B,27,E,1,0.07,75.8,75.87,76.39,76.45005147
3,B,27,E,2,1.445,75.87,77.315,76.45005147,77.68968544
3,B,27,E,3,0.91,77.315,78.225,77.68968544,78.47035459
3,B,27,E,4,1.012,78.225,79.237,78.47035459,79.33852731
3,B,27,E,9,0.06,79.237,79.297,79.33852731,79.39
3,B,28,E,1,0.617,78.8,79.417,79.39,79.98099617
3,B,28,E,2,0.965,79.417,80.382,79.98099617,80.90532567
3,B,28,E,3,1.485,80.382,81.867,80.90532567,82.32773946
3,B,28,E,4,0.05,81.867,81.917,82.32773946,82.37563218
3,B,28,E,9,0.015,81.917,81.932,82.37563218,82.39
3,B,29,E,1,1.515,81.8,83.315,82.39,83.74874439
3,B,29,E,2,0.8,83.315,84.115,83.74874439,84.46623318
3,B,29,E,3,0.92,84.115,85.035,84.46623318,85.29134529
3,B,29,E,9,0.11,85.035,85.145,85.29134529,85.39
3,B,30,E,1,1.505,84.8,86.305,85.39,86.80314554
3,B,30,E,2,0.81,86.305,87.115,86.80314554,87.56370892
3,B,30,E,3,0.865,87.115,87.98,87.56370892,88.37591549
3,B,30,E,9,0.015,87.98,87.995,88.37591549,88.39
3,B,31,E,1,1.505,87.8,89.305,88.39,89.76234043
3,B,31,E,2,0.815,89.305,90.12,89.76234043,90.50550152
3,B,31,E,3,0.88,90.12,91.0,90.50550152,91.30793313
3,B,31,E,9,0.09,91.0,91.09,91.30793313,91.39
3,B,32,E,1,1.5,90.8,92.3,91.39,92.89
3,B,32,E,9,0.1,92.3,92.4,92.89,92.99
3,C,1,H,1,0.9329999999999999,-0.915,0.018000000000000002,0.0,0.9329999999999999
3,C,1,H,2,1.455,0.018000000000000002,1.473,0.9329999999999999,2.388
3,C,1,H,9,0.077,1.473,1.55,2.388,2.465
3,C,2,H,1,1.5,1.55,3.05,2.465,3.965
3,C,2,H,2,1.37,3.05,4.42,3.965,5.335
3,C,2,H,9,0.09,4.42,4.51,5.335,5.425
3,C,3,H,1,1.5,4.55,6.05,5.465,6.940409836000001
3,C,3,H,2,1.405,6.05,7.455,6.940409836000001,8.322377049
3,C,3,H,9,0.145,7.455,7.6,8.322377049,8.465
3,C,4,H,1,1.505,7.55,9.055,8.465,9.965
3,C,4,H,2,1.41,9.055,10.465,9.965,11.37031561
3,C,4,H,9,0.095,10.465,10.56,11.37031561,11.465
3,C,5,H,9,0.01,10.55,10.56,11.465,11.475
3,C,6,H,1,1.51,13.55,15.06,14.465,15.975
3,C,6,H,2,1.19,15.06,16.25,15.975,17.165
3,C,6,H,9,0.035,16.25,16.285,17.165,17.2
3,C,7,H,1,1.51,16.55,18.06,17.465,18.975
3,C,7,H,2,1.42,18.06,19.48,18.975,20.395
3,C,7,H,9,0.06,19.48,19.54,20.395,20.455
3,C,8,H,1,1.52,19.55,21.07,20.465,21.985
3,C,8,H,2,1.42,21.07,22.49,21.985,23.405
3,C,8,H,9,0.01,22.49,22.5,23.405,23.415
3,C,9,H,1,0.3,22.55,22.85,23.465,23.7605665
3,C,9,H,2,1.48,22.85,24.33,23.7605665,25.21869458
3,C,9,H,3,1.125,24.33,25.455,25.21869458,26.32706897
3,C,9,H,9,0.14,25.455,25.595,26.32706897,26.465
3,C,10,H,1,1.515,25.55,27.065,26.465,27.95761084
3,C,10,H,2,1.49,27.065,28.555,27.95761084,29.42559113
3,C,10,H,9,0.04,28.555,28.595,29.42559113,29.465
3,C,11,H,1,1.54,28.55,30.09,29.465,31.005
3,C,11,H,2,1.45,30.09,31.54,31.005,32.455
3,C,11,H,9,0.01,31.54,31.55,32.455,32.465
3,C,12,H,1,1.51,31.55,33.06,32.465,33.95268473
3,C,12,H,2,1.485,33.06,34.545,33.95268473,35.41573892
3,C,12,H,9,0.05,34.545,34.595,35.41573892,35.465
3,C,13,H,1,1.51,34.55,36.06,35.465,36.975
3,C,13,H,2,1.43,36.06,37.49,36.975,38.405
3,C,13,H,9,0.04,37.49,37.53,38.405,38.445
3,C,14,H,1,1.51,37.05,38.56,37.965,39.46748756
3,C,14,H,2,1.42,38.56,39.98,39.46748756,40.88042289
3,C,14,H,9,0.085,39.98,40.065,40.88042289,40.965
3,C,15,H,1,1.51,39.55,41.06,40.465,41.97248752
3,C,15,H,2,1.43,41.06,42.49,41.97248752,43.40010815
3,C,15,H,9,0.065,42.49,42.555,43.40010815,43.465
3,C,16,H,1,1.51,42.55,44.06,43.465,44.975
3,C,16,H,2,1.445,44.06,45.505,44.975,46.42
3,C,16,H,9,0.01,45.505,45.515,46.42,46.43
3,C,17,H,1,1.5,45.55,47.05,46.465,47.965
3,C,17,H,2,1.45,47.05,48.5,47.965,49.415
3,C,17,H,9,0.02,48.5,48.52,49.415,49.435
3,C,18,E,1,1.1,48.55,49.65,49.465,49.9604955
3,C,18,E,9,0.01,49.65,49.66,49.9604955,49.965
3,C,19,H,1,1.02,49.05,50.07,49.965,50.96012195
3,C,19,H,2,1.02,50.07,51.09,50.96012195,51.9552439
3,C,19,H,9,0.01,51.09,51.1,51.9552439,51.965
3,C,20,H,1,0.57,51.05,51.62,51.965,52.51395666
3,C,20,H,2,0.895,51.62,52.515,52.51395666,53.37591493
3,C,20,H,3,1.5,52.515,54.015,53.37591493,54.82053772
3,C,20,H,9,0.15,54.015,54.165,54.82053772,54.965
3,C,21,E,1,1.415,54.05,55.465,54.965,56.38
3,C,21,E,9,0.1,55.465,55.565,56.38,56.48
3,C,22,E,1,0.102,57.05,57.152,57.965,58.061866099999996
3,C,22,E,2,1.5119999999999998,57.152,58.663999999999994,58.061866099999996,59.49776353
3,C,22,E,3,1.51,58.663999999999994,60.174,59.49776353,60.93176163
3,C,22,E,9,0.035,60.174,60.208999999999996,60.93176163,60.965
3,C,23,E,1,1.54,60.05,61.59,60.965,62.41965995
3,C,23,E,2,1.536,61.59,63.126000000000005,62.41965995,63.87054156
3,C,23,E,9,0.1,63.126000000000005,63.226000000000006,63.87054156,63.965
3,C,24,E,1,1.545,63.05,64.595,63.965,65.45871576
3,C,24,E,2,1.54,64.595,66.135,65.45871576,66.94759749
3,C,24,E,9,0.018000000000000002,66.135,66.153,66.94759749,66.965
3,C,25,E,1,1.525,66.05,67.575,66.965,67.44455975
3,C,25,E,9,0.065,67.575,67.64,67.44455975,67.465
3,C,26,E,1,1.5130000000000001,66.55,68.063,67.465,68.94930347
3,C,26,E,2,1.51,68.063,69.57300000000001,68.94930347,70.43066383
3,C,26,E,9,0.035,69.57300000000001,69.608,70.43066383,70.465
3,C,27,E,1,1.5,69.55,71.05,70.465,71.81635135
3,C,27,E,2,1.5,71.05,72.55,71.81635135,73.1677027
3,C,27,E,3,0.245,72.55,72.795,73.1677027,73.38842342
3,C,27,E,9,0.085,72.795,72.88,73.38842342,73.465
3,C,28,E,1,0.11699999999999999,72.55,72.667,73.465,73.57583044
3,C,28,E,2,1.5,72.667,74.167,73.57583044,74.99673349999999
3,C,28,E,3,1.5,74.167,75.667,74.99673349999999,76.41763656
3,C,28,E,9,0.05,75.667,75.717,76.41763656,76.465
3,C,29,E,1,1.505,75.55,77.055,76.465,77.80079882
3,C,29,E,2,1.505,77.055,78.56,77.80079882,79.13659763
3,C,29,E,3,0.335,78.56,78.895,79.13659763,79.43393491
3,C,29,E,9,0.035,78.895,78.93,79.43393491,79.465
3,C,30,E,1,0.15,78.55,78.7,79.465,79.60655395
3,C,30,E,2,1.504,78.7,80.204,79.60655395,81.0258682
3,C,30,E,3,1.5,80.204,81.704,81.0258682,82.44140768
3,C,30,E,9,0.025,81.704,81.729,82.44140768,82.465
3,C,31,E,1,1.505,81.55,83.055,82.465,83.83111195
3,C,31,E,2,1.5,83.055,84.555,83.83111195,85.19268533
3,C,31,E,3,0.26,84.555,84.815,85.19268533,85.42869138
3,C,31,E,9,0.04,84.815,84.855,85.42869138,85.465
3,C,32,E,1,1.515,84.55,86.065,85.465,86.96006579
3,C,32,E,2,1.515,86.065,87.58,86.96006579,88.45513158
3,C,32,E,9,0.01,87.58,87.59,88.45513158,88.465
3,C,33,E,1,0.69,87.55,88.24,88.465,89.155
3,C,33,E,9,0.092,88.24,88.33200000000001,89.155,89.24700000000001
4,A,1,H,1,1.226,0.0,1.226,0.0,1.226
4,A,1,H,2,0.94,1.226,2.166,1.226,2.166
4,A,1,H,9,0.02,2.166,2.186,2.166,2.186
4,A,2,H,1,1.53,2.17,3.7,2.17,3.6411538460000004
4,A,2,H,2,1.4,3.7,5.1,3.6411538460000004,4.987307692
4,A,2,H,3,0.08,5.1,5.18,4.987307692,5.064230769
4,A,2,H,9,0.11,5.18,5.29,5.064230769,5.17
4,A,3,H,1,1.5,5.17,6.67,5.17,6.67
4,A,3,H,2,1.05,6.67,7.72,6.67,7.72
4,A,3,H,9,0.17,7.72,7.89,7.72,7.89
4,A,4,H,1,1.505,8.17,9.675,8.17,9.675
4,A,4,H,2,1.413,9.675,11.088,9.675,11.088
4,A,4,H,9,0.064,11.088,11.152000000000001,11.088,11.152000000000001
4,A,5,H,1,1.5,11.17,12.67,11.17,12.67
4,A,5,H,2,1.37,12.67,14.04,12.67,14.04
4,A,5,H,9,0.04,14.04,14.08,14.04,14.08
4,A,6,H,1,1.505,14.17,15.675,14.17,15.675
4,A,6,H,2,1.36,15.675,17.035,15.675,17.035
4,A,6,H,9,0.01,17.035,17.045,17.035,17.045
4,A,7,H,1,1.505,17.17,18.675,17.17,18.675
4,A,7,H,2,1.41,18.675,20.085,18.675,20.085
4,A,7,H,9,0.01,20.085,20.095,20.085,20.095
4,A,8,H,1,1.505,20.17,21.675,20.17,21.675
4,A,8,H,2,1.435,21.675,23.11,21.675,23.11
4,A,8,H,9,0.038,23.11,23.148000000000003,23.11,23.148000000000003
4,A,9,H,1,1.505,23.17,24.675,23.17,24.66206874
4,A,9,H,2,1.431,24.675,26.105999999999998,24.66206874,26.0807733
4,A,9,H,9,0.09,26.105999999999998,26.195999999999998,26.0807733,26.17
4,A,10,H,1,1.5,26.17,27.67,26.17,27.67
4,A,10,H,2,1.405,27.67,29.075,27.67,29.075
4,A,10,H,9,0.06,29.075,29.135,29.075,29.135
4,A,11,H,1,1.505,29.17,30.675,29.17,30.675
4,A,11,H,2,1.425,30.675,32.1,30.675,32.1
4,A,11,H,9,0.055,32.1,32.155,32.1,32.155
4,A,12,H,1,1.505,32.17,33.675,32.17,33.675
4,A,12,H,2,1.415,33.675,35.09,33.675,35.09
4,A,12,H,9,0.015,35.09,35.105,35.09,35.105
4,A,13,H,1,0.145,35.17,35.315,35.17,35.30887324
4,A,13,H,2,0.73,35.315,36.045,35.30887324,36.00802817
4,A,13,H,3,1.51,36.045,37.555,36.00802817,37.45422535
4,A,13,H,9,0.1,37.555,37.655,37.45422535,37.55
4,A,14,E,1,1.505,37.55,39.055,37.55,38.89455033
4,A,14,E,2,1.505,39.055,40.56,38.89455033,40.23910066
4,A,14,E,3,0.293,40.56,40.853,40.23910066,40.50086361
4,A,14,E,9,0.055,40.853,40.908,40.50086361,40.55
4,A,15,E,1,1.505,40.55,42.055,40.55,42.04503311
4,A,15,E,2,1.49,42.055,43.545,42.04503311,43.52516556
4,A,15,E,9,0.025,43.545,43.57,43.52516556,43.55
4,A,16,E,1,1.4969999999999999,43.55,45.047,43.55,45.047
4,A,16,E,2,1.32,45.047,46.367,45.047,46.367
4,A,16,E,9,0.15,46.367,46.516999999999996,46.367,46.516999999999996
4,A,17,E,1,1.505,46.55,48.055,46.55,47.85793743
4,A,17,E,2,1.5019999999999998,48.055,49.556999999999995,47.85793743,49.16326767
4,A,17,E,3,0.355,49.556999999999995,49.912,49.16326767,49.47178447
4,A,17,E,9,0.09,49.912,50.001999999999995,49.47178447,49.55
4,A,18,E,1,0.91,49.55,50.46,49.55,50.46
4,A,18,E,2,0.8640000000000001,50.46,51.324,50.46,51.324
4,A,18,E,9,0.05,51.324,51.373999999999995,51.324,51.373999999999995
4,A,19,E,9,0.05,52.55,52.6,52.55,52.6
4,A,20,E,1,0.29,55.55,55.84,55.55,55.84
4,A,20,E,9,0.04,55.84,55.88,55.84,55.88
4,A,21,E,1,1.51,58.55,60.06,58.55,60.06
4,A,21,E,2,0.965,60.06,61.025,60.06,61.025
4,A,21,E,9,0.11,61.025,61.135,61.025,61.135
4,A,22,E,1,1.435,61.55,62.985,61.55,62.985
4,A,22,E,9,0.11,62.985,63.095,62.985,63.095
4,A,23,H,9,0.01,64.55,64.56,64.55,64.56
4,A,24,E,1,0.435,64.55,64.985,64.55,64.985
4,A,24,E,9,0.08,64.985,65.065,64.985,65.065
4,B,2,H,1,1.53,0.67,2.2,3.0,4.53
4,B,2,H,2,1.245,2.2,3.445,4.53,5.775
4,B,2,H,9,0.08,3.445,3.525,5.775,5.855
4,B,3,H,1,1.495,3.67,5.165,6.0,7.495
4,B,3,H,2,1.415,5.165,6.58,7.495,8.91
4,B,3,H,9,0.09,6.58,6.67,8.91,9.0
4,B,4,H,1,1.5,6.67,8.17,9.0,10.49253731
4,B,4,H,2,1.375,8.17,9.545,10.49253731,11.86069652
4,B,4,H,9,0.14,9.545,9.685,11.86069652,12.0
4,B,5,H,1,0.75,9.67,10.42,12.0,12.74013158
4,B,5,H,2,0.82,10.42,11.24,12.74013158,13.54934211
4,B,5,H,3,1.37,11.24,12.61,13.54934211,14.90131579
4,B,5,H,9,0.1,12.61,12.71,14.90131579,15.0
4,B,6,H,1,1.495,12.67,14.165,15.0,16.495
4,B,6,H,2,1.43,14.165,15.595,16.495,17.925
4,B,6,H,9,0.03,15.595,15.625,17.925,17.955
4,B,7,H,1,1.5030000000000001,15.67,17.173,18.0,19.503
4,B,7,H,2,1.38,17.173,18.553,19.503,20.883000000000003
4,B,7,H,3,0.05,18.553,18.602999999999998,20.883000000000003,20.933000000000003
4,B,7,H,9,0.03,18.602999999999998,18.633,20.933000000000003,20.963
4,B,8,H,1,1.5,18.67,20.17,21.0,22.5
4,B,8,H,2,1.41,20.17,21.58,22.5,23.91
4,B,8,H,9,0.065,21.58,21.645,23.91,23.975
4,B,9,H,1,1.505,21.67,23.175,24.0,25.505
4,B,9,H,2,1.365,23.175,24.54,25.505,26.87
4,B,9,H,3,0.05,24.54,24.59,26.87,26.92
4,B,9,H,9,0.075,24.59,24.665,26.92,26.995
4,B,10,H,1,1.435,24.67,26.105,27.0,28.43452183
4,B,10,H,2,1.466,26.105,27.570999999999998,28.43452183,29.90003332
4,B,10,H,3,0.05,27.570999999999998,27.621,29.90003332,29.95001666
4,B,10,H,9,0.05,27.621,27.671,29.95001666,30.0
4,B,11,H,1,1.5,27.67,29.17,30.0,31.489361699999996
4,B,11,H,2,1.22,29.17,30.39,31.489361699999996,32.70070922
4,B,11,H,9,0.1,30.39,30.49,32.70070922,32.8
4,B,12,E,1,1.5,30.47,31.97,32.8,34.3
4,B,12,E,2,1.065,31.97,33.035,34.3,35.365
4,B,12,E,9,0.01,33.035,33.045,35.365,35.375
4,B,13,E,1,1.53,33.05,34.58,35.38,36.84411483
4,B,13,E,2,1.515,34.58,36.095,36.84411483,38.2938756
4,B,13,E,9,0.09,36.095,36.185,38.2938756,38.38
4,B,14,E,1,1.505,36.05,37.555,38.38,39.885
4,B,14,E,2,1.347,37.555,38.902,39.885,41.232
4,B,14,E,3,0.05,38.902,38.952,41.232,41.282
4,B,14,E,9,0.05,38.952,39.001999999999995,41.282,41.332
4,B,15,E,1,1.505,39.05,40.555,41.38,42.68115274
4,B,15,E,2,1.505,40.555,42.06,42.68115274,43.98230548
4,B,15,E,3,0.34,42.06,42.4,43.98230548,44.276253600000004
4,B,15,E,9,0.12,42.4,42.52,44.276253600000004,44.38
4,B,16,E,1,0.155,42.05,42.205,44.38,44.535
4,B,16,E,9,0.08,42.205,42.285,44.535,44.615
4,B,18,E,1,0.16,43.45,43.61,45.78,45.94
4,B,18,E,9,0.02,43.61,43.63,45.94,45.96
4,C,1,H,1,1.115,-0.25,0.865,0.0,1.115
4,C,1,H,2,0.525,0.865,1.39,1.115,1.64
4,C,1,H,9,0.03,1.39,1.42,1.64,1.67
4,C,2,H,1,1.525,1.42,2.945,1.67,3.195
4,C,2,H,2,1.355,2.945,4.3,3.195,4.55
4,C,2,H,9,0.09,4.3,4.39,4.55,4.64
4,C,3,H,1,1.506,4.42,5.926,4.67,6.16801061
4,C,3,H,2,1.44,5.926,7.3660000000000005,6.16801061,7.600371353
4,C,3,H,9,0.07,7.3660000000000005,7.436,7.600371353,7.67
4,C,4,H,1,1.515,7.42,8.935,7.67,9.185
4,C,4,H,2,1.445,8.935,10.38,9.185,10.63
4,C,4,H,9,0.04,10.38,10.42,10.63,10.67
4,C,5,H,1,1.515,10.42,11.935,10.67,12.185
4,C,5,H,2,1.43,11.935,13.365,12.185,13.615
4,C,6,H,1,1.505,13.42,14.925,13.67,15.175
4,C,6,H,2,1.4,14.925,16.325,15.175,16.575
4,C,6,H,9,0.02,16.325,16.345,16.575,16.595
4,C,7,H,1,1.505,16.42,17.925,16.67,18.175
4,C,7,H,2,1.425,17.925,19.35,18.175,19.6
4,C,7,H,9,0.02,19.35,19.37,19.6,19.62
4,C,8,H,1,1.5,19.42,20.92,19.67,21.17
4,C,8,H,2,1.42,20.92,22.34,21.17,22.59
4,C,8,H,9,0.03,22.34,22.37,22.59,22.62
4,C,9,H,1,1.415,22.42,23.835,22.67,24.085
4,C,9,H,2,0.265,23.835,24.1,24.085,24.35
4,C,9,H,9,0.02,24.1,24.12,24.35,24.37
6,A,1,H,1,1.51,1.03,2.54,0.0,1.51
6,A,1,H,2,1.37,2.54,3.91,1.51,2.88
6,A,1,H,9,0.05,3.91,3.96,2.88,2.93
6,A,2,H,1,1.29,4.03,5.32,3.0,4.29
6,A,2,H,2,1.3,5.32,6.62,4.29,5.59
6,A,2,H,3,0.22,6.62,6.84,5.59,5.81
6,A,2,H,9,0.13,6.84,6.97,5.81,5.94
6,A,3,H,1,1.5,7.03,8.53,6.0,7.5
6,A,3,H,2,1.375,8.53,9.905,7.5,8.875
6,A,3,H,9,0.05,9.905,9.955,8.875,8.925
6,A,4,H,1,1.51,10.03,11.54,9.0,10.51
6,A,4,H,2,1.41,11.54,12.95,10.51,11.92
6,A,4,H,9,0.02,12.95,12.97,11.92,11.94
6,A,5,H,1,1.47,13.03,14.5,12.0,13.47
6,A,5,H,2,1.37,14.5,15.87,13.47,14.84
6,A,5,H,9,0.03,15.87,15.9,14.84,14.87
6,A,6,H,1,1.51,16.03,17.54,15.0,16.51
6,A,6,H,2,1.3,17.54,18.84,16.51,17.81
6,A,6,H,9,0.055,18.84,18.895,17.81,17.865
6,A,7,H,1,1.515,19.03,20.545,18.0,19.515
6,A,7,H,2,1.295,20.545,21.84,19.515,20.81
6,A,7,H,9,0.11,21.84,21.95,20.81,20.92
6,A,8,H,1,1.51,22.03,23.54,21.0,22.51
6,A,8,H,2,1.42,23.54,24.96,22.51,23.93
6,A,8,H,9,0.01,24.96,24.97,23.93,23.94
6,A,9,H,1,1.52,25.03,26.55,24.0,25.48051948
6,A,9,H,2,1.47,26.55,28.02,25.48051948,26.91233766
6,A,9,H,9,0.09,28.02,28.11,26.91233766,27.0
6,A,10,H,1,1.515,28.03,29.545,27.0,28.5124792
6,A,10,H,2,1.41,29.545,30.955,28.5124792,29.92013311
6,A,10,H,9,0.08,30.955,31.035,29.92013311,30.0
6,A,11,H,1,1.51,31.03,32.54,30.0,31.51
6,A,11,H,2,1.46,32.54,34.0,31.51,32.97
6,A,11,H,9,0.03,34.0,34.03,32.97,33.0
6,A,12,H,1,1.515,34.03,35.545,33.0,34.50496689
6,A,12,H,2,1.445,35.545,36.99,34.50496689,35.94039735
6,A,12,H,9,0.06,36.99,37.05,35.94039735,36.0
6,A,13,H,1,1.51,37.03,38.54,36.0,37.50498339
6,A,13,H,2,1.49,38.54,40.03,37.50498339,38.99003322
6,A,13,H,9,0.01,40.03,40.04,38.99003322,39.0
6,A,14,H,1,1.5,40.03,41.53,39.0,40.5
6,A,14,H,2,1.24,41.53,42.77,40.5,41.74
6,A,14,H,9,0.03,42.77,42.8,41.74,41.77
6,A,15,H,1,1.51,43.03,44.54,42.0,43.51
6,A,15,H,2,1.46,44.54,46.0,43.51,44.97
6,A,15,H,9,0.01,46.0,46.01,44.97,44.98
6,A,16,H,1,1.505,46.03,47.535,45.0,46.505
6,A,16,H,2,1.1,47.535,48.635,46.505,47.605
6,A,16,H,9,0.02,48.635,48.655,47.605,47.625
6,A,17,H,1,0.88,49.03,49.91,48.0,48.88
6,A,17,H,2,0.73,49.91,50.64,48.88,49.61
6,A,17,H,9,0.02,50.64,50.66,49.61,49.63
6,A,18,E,1,0.35,52.03,52.38,51.0,51.30172414
6,A,18,E,2,1.52,52.38,53.9,51.30172414,52.61206897
6,A,18,E,3,1.52,53.9,55.42,52.61206897,53.92241379
6,A,18,E,9,0.09,55.42,55.51,53.92241379,54.0
6,A,19,E,1,1.46,55.03,56.49,54.0,55.46
6,A,19,E,2,1.41,56.49,57.9,55.46,56.87
6,A,19,E,9,0.11,57.9,58.01,56.87,56.98
6,A,20,E,1,1.51,58.03,59.54,57.0,58.51
6,A,20,E,2,1.36,59.54,60.9,58.51,59.87
6,A,20,E,9,0.01,60.9,60.91,59.87,59.88
6,A,21,E,1,1.52,61.03,62.55,60.0,61.49508197
6,A,21,E,2,1.52,62.55,64.07,61.49508197,62.99016393
6,A,21,E,9,0.01,64.07,64.08,62.99016393,63.0
6,A,22,E,1,1.525,64.03,65.555,63.0,64.49509804
6,A,22,E,2,1.525,65.555,67.08,64.49509804,65.99019608
6,A,22,E,9,0.01,67.08,67.09,65.99019608,66.0
6,A,23,E,1,1.515,67.03,68.545,66.0,67.5
6,A,23,E,2,1.505,68.545,70.05,67.5,68.99009901
6,A,23,E,9,0.01,70.05,70.06,68.99009901,69.0
6,A,24,E,1,1.505,70.03,71.535,69.0,70.505
6,A,24,E,2,1.45,71.535,72.985,70.505,71.955
6,A,24,E,9,0.01,72.985,72.995,71.955,71.965
6,A,25,E,1,0.305,73.03,73.335,72.0,72.305
6,A,25,E,9,0.01,73.335,73.345,72.305,72.315
6,B,1,H,1,0.59,0.68,1.27,0.1,0.69
6,B,1,H,2,1.25,1.27,2.52,0.69,1.94
6,B,1,H,9,0.01,2.52,2.53,1.94,1.95
6,B,2,H,1,1.48,2.53,4.01,1.95,3.420198675
6,B,2,H,2,1.45,4.01,5.46,3.420198675,4.8605960260000005
6,B,2,H,9,0.09,5.46,5.55,4.8605960260000005,4.95
6,B,3,H,1,1.52,5.53,7.05,4.95,6.459933775
6,B,3,H,2,1.42,7.05,8.47,6.459933775,7.870529801
6,B,3,H,9,0.08,8.47,8.55,7.870529801,7.95
6,B,4,H,1,1.495,8.53,10.025,7.95,9.445
6,B,4,H,2,1.37,10.025,11.395,9.445,10.815
6,B,4,H,9,0.03,11.395,11.425,10.815,10.845
6,B,5,H,1,1.39,11.53,12.92,10.95,12.34
6,B,5,H,2,1.48,12.92,14.4,12.34,13.82
6,B,5,H,9,0.04,14.4,14.44,13.82,13.86
6,B,6,H,1,1.49,14.53,16.02,13.95,15.44
6,B,6,H,2,1.37,16.02,17.39,15.44,16.81
6,B,6,H,9,0.11,17.39,17.5,16.81,16.92
6,B,7,H,1,1.5130000000000001,17.53,19.043,16.95,18.463
6,B,7,H,2,1.365,19.043,20.408,18.463,19.828
6,B,7,H,9,0.03,20.408,20.438,19.828,19.858
6,B,8,H,1,1.5,20.53,22.03,19.95,21.44352805
6,B,8,H,2,1.403,22.03,23.433000000000003,21.44352805,22.84047461
6,B,8,H,9,0.11,23.433000000000003,23.543000000000003,22.84047461,22.95
6,B,9,H,1,1.485,23.53,25.015,22.95,24.41787479
6,B,9,H,2,1.47,25.015,26.485,24.41787479,25.87092257
6,B,9,H,9,0.08,26.485,26.565,25.87092257,25.95
6,B,10,H,1,1.52,26.53,28.05,25.95,27.45743802
6,B,10,H,2,1.445,28.05,29.495,27.45743802,28.89049587
6,B,10,H,9,0.06,29.495,29.555,28.89049587,28.95
6,B,11,H,1,1.535,29.53,31.065,28.95,30.47231405
6,B,11,H,2,1.46,31.065,32.525,30.47231405,31.92024793
6,B,11,H,9,0.03,32.525,32.555,31.92024793,31.95
6,B,12,H,1,1.49,32.53,34.02,31.95,33.44
6,B,12,H,2,1.47,34.02,35.49,33.44,34.91
6,B,12,H,9,0.04,35.49,35.53,34.91,34.95
6,B,13,H,1,1.49,35.53,37.02,34.95,36.44
6,B,13,H,2,0.58,37.02,37.6,36.44,37.02
6,B,13,H,9,0.04,37.6,37.64,37.02,37.06
6,B,14,H,1,1.5,38.53,40.03,37.95,39.44750416
6,B,14,H,2,1.465,40.03,41.495,39.44750416,40.91006656
6,B,14,H,9,0.04,41.495,41.535,40.91006656,40.95
6,B,15,H,1,1.485,41.53,43.015,40.95,42.435
6,B,15,H,2,1.465,43.015,44.48,42.435,43.9
6,B,15,H,9,0.045,44.48,44.525,43.9,43.945
6,B,16,H,1,1.48,44.53,46.01,43.95,45.43
6,B,16,H,2,1.315,46.01,47.325,45.43,46.745
6,B,16,H,9,0.08,47.325,47.405,46.745,46.825
6,B,17,H,1,1.45,47.53,48.98,46.95,48.4
6,B,17,H,2,1.3,48.98,50.28,48.4,49.7
6,B,17,H,3,0.111,50.28,50.391000000000005,49.7,49.81100000000001
6,B,17,H,9,0.01,50.391000000000005,50.401,49.81100000000001,49.821000000000005
6,B,18,E,1,1.495,50.53,52.025,49.95,51.35816327
6,B,18,E,2,1.505,52.025,53.53,51.35816327,52.77574568
6,B,18,E,3,0.165,53.53,53.695,52.77574568,52.93116170000001
6,B,18,E,9,0.02,53.695,53.715,52.93116170000001,52.95
6,B,19,E,1,1.495,53.53,55.025,52.95,54.27106038
6,B,19,E,2,1.505,55.025,56.53,54.27106038,55.60095729
6,B,19,E,3,0.325,56.53,56.855,55.60095729,55.88814433
6,B,19,E,9,0.07,56.855,56.925,55.88814433,55.95
6,B,20,E,1,0.01,56.53,56.54,55.95,55.95860338
6,B,20,E,2,1.5019999999999998,56.54,58.042,55.95860338,57.25083166
6,B,20,E,3,1.5,58.042,59.542,57.25083166,58.54133926
6,B,20,E,4,0.38,59.542,59.922,58.54133926,58.86826785
6,B,20,E,9,0.095,59.922,60.016999999999996,58.86826785,58.95
6,B,21,E,1,0.305,59.53,59.835,58.95,59.22685325
6,B,21,E,2,1.495,59.835,61.33,59.22685325,60.58388805
6,B,21,E,3,1.455,61.33,62.785,60.58388805,61.90461422
6,B,21,E,9,0.05,62.785,62.835,61.90461422,61.95
6,B,22,E,1,1.48,62.53,64.01,61.95,63.33967136
6,B,22,E,2,1.495,64.01,65.505,63.33967136,64.74342723
6,B,22,E,3,0.21,65.505,65.715,64.74342723,64.94061033
6,B,22,E,9,0.01,65.715,65.725,64.94061033,64.95
6,B,23,E,1,0.79,65.53,66.32,64.95,65.74
6,B,23,E,9,0.03,66.32,66.35,65.74,65.77
6,C,1,H,1,1.46,0.28,1.74,0.28,1.74
6,C,1,H,2,1.375,1.74,3.115,1.74,3.115
6,C,1,H,9,0.04,3.115,3.155,3.115,3.155
6,C,2,H,1,1.505,3.28,4.785,3.28,4.753083197
6,C,2,H,2,1.42,4.785,6.205,4.753083197,6.142969005
6,C,2,H,9,0.14,6.205,6.345,6.142969005,6.28
6,C,3,H,1,1.49,6.28,7.77,6.28,7.77
6,C,3,H,2,1.385,7.77,9.155,7.77,9.155
6,C,3,H,9,0.06,9.155,9.215,9.155,9.215
6,C,4,H,1,1.492,9.28,10.772,9.28,10.772
6,C,4,H,2,1.38,10.772,12.152000000000001,10.772,12.152000000000001
6,C,4,H,9,0.03,12.152000000000001,12.182,12.152000000000001,12.182
6,C,5,H,1,1.4869999999999999,12.28,13.767000000000001,12.28,13.767000000000001
6,C,5,H,2,1.405,13.767000000000001,15.172,13.767000000000001,15.172
6,C,5,H,9,0.04,15.172,15.212,15.172,15.212
6,C,6,H,1,1.5,15.28,16.78,15.28,16.78
6,C,6,H,2,1.36,16.78,18.14,16.78,18.14
6,C,6,H,9,0.04,18.14,18.18,18.14,18.18
6,C,7,H,1,1.45,18.28,19.73,18.28,19.73
6,C,7,H,2,1.45,19.73,21.18,19.73,21.18
6,C,7,H,9,0.03,21.18,21.21,21.18,21.21
6,C,8,H,1,1.47,21.28,22.75,21.28,22.75
6,C,8,H,2,1.445,22.75,24.195,22.75,24.195
6,C,8,H,9,0.03,24.195,24.225,24.195,24.225
6,C,9,H,1,1.505,24.28,25.785,24.28,25.785
6,C,9,H,2,1.385,25.785,27.17,25.785,27.17
6,C,9,H,9,0.055,27.17,27.225,27.17,27.225
6,C,10,H,1,1.505,27.28,28.785,27.28,28.7554902
6,C,10,H,2,1.47,28.785,30.255,28.7554902,30.19666667
6,C,10,H,9,0.085,30.255,30.34,30.19666667,30.28
6,C,11,H,1,1.485,30.28,31.765,30.28,31.76006645
6,C,11,H,2,1.46,31.765,33.225,31.76006645,33.21521595
6,C,11,H,9,0.065,33.225,33.29,33.21521595,33.28
6,C,12,H,1,1.495,33.28,34.775,33.28,34.775
6,C,12,H,2,1.47,34.775,36.245,34.775,36.245
6,C,12,H,9,0.03,36.245,36.275,36.245,36.275
6,C,13,H,1,1.505,36.28,37.785,36.28,37.7554902
6,C,13,H,2,1.47,37.785,39.255,37.7554902,39.19666667
6,C,13,H,9,0.085,39.255,39.34,39.19666667,39.28
6,C,14,H,1,1.5,39.28,40.78,39.28,40.78
6,C,14,H,2,1.44,40.78,42.22,40.78,42.22
6,C,14,H,9,0.01,42.22,42.23,42.22,42.23
6,C,15,H,1,1.51,42.28,43.79,42.28,43.79
6,C,15,H,2,1.4,43.79,45.19,43.79,45.19
6,C,15,H,9,0.03,45.19,45.22,45.19,45.22
6,C,16,H,1,1.51,45.28,46.79,45.28,46.79
6,C,16,H,2,1.365,46.79,48.155,46.79,48.155
6,C,16,H,9,0.04,48.155,48.195,48.155,48.195
6,C,17,E,1,1.51,48.28,49.79,48.28,49.79
6,C,17,E,2,0.98,49.79,50.77,49.79,50.77
6,C,17,E,9,0.09,50.77,50.86,50.77,50.86
6,C,18,E,9,0.18,51.28,51.46,51.28,51.46
6,C,19,E,1,0.65,52.78,53.43,52.78,53.21721973
6,C,19,E,2,1.5,53.43,54.93,53.21721973,54.22618834
6,C,19,E,9,0.08,54.93,55.01,54.22618834,54.28
6,C,20,E,1,1.17,54.28,55.45,54.28,55.45
6,C,20,E,2,1.2,55.45,56.65,55.45,56.65
6,C,20,E,9,0.08,56.65,56.73,56.65,56.73
6,C,21,E,1,1.48,57.28,58.76,57.28,58.64196319
6,C,21,E,2,1.51,58.76,60.27,58.64196319,60.03153374
6,C,21,E,3,0.21,60.27,60.48,60.03153374,60.22478528
6,C,21,E,9,0.06,60.48,60.54,60.22478528,60.28
6,C,22,E,1,0.2,60.28,60.48,60.28,60.46575851
6,C,22,E,2,1.51,60.48,61.99,60.46575851,61.86823529
6,C,22,E,3,1.5,61.99,63.49,61.86823529,63.26142415
6,C,22,E,9,0.02,63.49,63.51,63.26142415,63.28
6,C,23,E,1,0.11,63.28,63.39,63.28,63.38543131
6,C,23,E,2,1.5,63.39,64.89,63.38543131,64.82313099
6,C,23,E,3,1.5,64.89,66.39,64.82313099,66.26083067
6,C,23,E,9,0.02,66.39,66.41,66.26083067,66.28
6,C,24,E,1,0.435,66.28,66.715,66.28,66.715
6,C,24,E,9,0.04,66.715,66.755,66.715,66.755
7,A,1,H,1,0.705,0.775,1.48,0.0,0.705
7,A,1,H,9,0.02,1.48,1.5,0.705,0.725
7,A,2,H,1,1.505,1.5,3.005,0.725,2.23
7,A,2,H,2,1.31,3.005,4.315,2.23,3.54
7,A,2,H,9,0.05,4.315,4.365,3.54,3.59
7,A,3,H,1,1.28,4.5,5.78,3.725,5.005
7,A,3,H,2,1.505,5.78,7.285,5.005,6.51
7,A,3,H,9,0.07,7.285,7.355,6.51,6.58
7,A,4,H,1,1.505,7.5,9.005,6.725,8.23
7,A,4,H,2,0.36,9.005,9.365,8.23,8.59
7,A,4,H,9,0.02,9.365,9.385,8.59,8.61
7,A,5,E,1,0.995,10.5,11.495,9.725,10.72
7,A,5,E,9,0.08,11.495,11.575,10.72,10.8
7,A,6,H,1,1.075,11.6,12.675,10.825,11.9
7,A,6,H,2,1.5,12.675,14.175,11.9,13.4
7,A,6,H,9,0.07,14.175,14.245,13.4,13.47
7,A,7,H,1,1.504,14.27,15.774000000000001,13.495,14.995998
7,A,7,H,2,0.49,15.774000000000001,16.264,14.995998,15.48501996
7,A,7,H,9,0.01,16.264,16.274,15.48501996,15.495
7,A,8,H,1,1.475,16.27,17.745,15.495,16.97
7,A,8,H,9,0.09,17.745,17.835,16.97,17.06
7,A,9,H,1,0.995,17.97,18.965,17.195,18.15403614
7,A,9,H,2,1.065,18.965,20.03,18.15403614,19.18054217
7,A,9,H,9,0.015,20.03,20.045,19.18054217,19.195
7,A,10,H,1,0.59,19.97,20.56,19.195,19.77532787
7,A,10,H,9,0.02,20.56,20.58,19.77532787,19.795
7,A,11,H,9,0.05,20.57,20.62,19.795,19.845
7,A,12,E,1,0.3,20.62,20.92,19.845,20.145
7,A,12,E,9,0.05,20.92,20.97,20.145,20.195
7,A,13,A,1,0.2,22.12,22.32,21.345,21.545
7,A,13,A,9,0.09,22.32,22.41,21.545,21.635
7,A,14,H,1,1.51,25.12,26.63,24.345,25.855
7,A,14,H,2,1.3359999999999999,26.63,27.965999999999998,25.855,27.191
7,A,14,H,9,0.01,27.965999999999998,27.976,27.191,27.201
7,A,15,H,1,1.505,28.12,29.625,27.345,28.84251244
7,A,15,H,2,1.435,29.625,31.06,28.84251244,30.27037313
7,A,15,H,9,0.075,31.06,31.135,30.27037313,30.345
7,A,16,H,1,1.52,31.12,32.64,30.345,31.86247088
7,A,16,H,2,1.435,32.64,34.075,31.86247088,33.29508319
7,A,16,H,9,0.05,34.075,34.125,33.29508319,33.345
7,A,17,H,1,1.51,34.12,35.63,33.345,34.855
7,A,17,H,2,1.355,35.63,36.985,34.855,36.21
7,A,17,H,9,0.03,36.985,37.015,36.21,36.24
7,A,18,H,1,1.505,37.12,38.625,36.345,37.85
7,A,18,H,2,1.145,38.625,39.77,37.85,38.995
7,A,18,H,9,0.08,39.77,39.85,38.995,39.075
7,A,19,H,1,1.085,40.12,41.205,39.345,40.43
7,A,19,H,2,1.085,41.205,42.29,40.43,41.515
7,A,19,H,9,0.11,42.29,42.4,41.515,41.625
7,A,20,E,1,1.505,43.12,44.625,42.345,43.64055237
7,A,20,E,2,0.92,44.625,45.545,43.64055237,44.43251793
7,A,20,E,3,0.94,45.545,46.485,44.43251793,45.24170014
7,A,20,E,9,0.12,46.485,46.605,45.24170014,45.345
7,A,21,E,1,1.5,46.12,47.62,45.345,46.65695335
7,A,21,E,2,0.91,47.62,48.53,46.65695335,47.45287172
7,A,21,E,3,0.94,48.53,49.47,47.45287172,48.27502915
7,A,21,E,9,0.08,49.47,49.55,48.27502915,48.345
7,A,22,E,1,1.5,49.12,50.62,48.345,49.64934783
7,A,22,E,2,0.91,50.62,51.53,49.64934783,50.44065217
7,A,22,E,3,0.94,51.53,52.47,50.44065217,51.25804348
7,A,22,E,9,0.1,52.47,52.57,51.25804348,51.345
7,A,23,E,1,1.51,52.12,53.63,51.345,52.69321429
7,A,23,E,2,0.915,53.63,54.545,52.69321429,53.51017857
7,A,23,E,3,0.835,54.545,55.38,53.51017857,54.25571429
7,A,23,E,9,0.1,55.38,55.48,54.25571429,54.345
7,A,24,E,1,1.525,55.12,56.645,54.345,55.66840179
7,A,24,E,2,0.912,56.645,57.556999999999995,55.66840179,56.45983946
7,A,24,E,3,0.92,57.556999999999995,58.477,56.45983946,57.25821955
7,A,24,E,9,0.1,58.477,58.577,57.25821955,57.345
7,A,25,E,1,1.5,58.12,59.62,57.345,58.11779305
7,A,25,E,2,0.89,59.62,60.51,58.11779305,58.57631693
7,A,25,E,3,0.965,60.51,61.475,58.57631693,59.07348046
7,A,25,E,9,0.1,61.475,61.575,59.07348046,59.125
7,A,26,E,1,1.525,59.9,61.425,59.125,60.62993421
7,A,26,E,2,1.505,61.425,62.93,60.62993421,62.11513158
7,A,26,E,9,0.01,62.93,62.94,62.11513158,62.125
7,A,27,E,1,1.52,62.9,64.42,62.125,63.44291908
7,A,27,E,2,0.915,64.42,65.335,63.44291908,64.23627168
7,A,27,E,3,0.945,65.335,66.28,64.23627168,65.05563584
7,A,27,E,9,0.08,66.28,66.36,65.05563584,65.125
7,A,28,E,1,1.505,65.9,67.405,65.125,66.63
7,A,28,E,2,1.355,67.405,68.76,66.63,67.985
7,A,28,E,9,0.08,68.76,68.84,67.985,68.065
7,A,29,E,1,1.51,68.9,70.41,68.125,69.46128319
7,A,29,E,2,0.905,70.41,71.315,69.46128319,70.26216814
7,A,29,E,3,0.935,71.315,72.25,70.26216814,71.08960177
7,A,29,E,9,0.04,72.25,72.29,71.08960177,71.125
7,A,30,E,1,1.505,71.9,73.405,71.125,72.44132653
7,A,30,E,2,0.91,73.405,74.315,72.44132653,73.23724490000001
7,A,30,E,3,0.935,74.315,75.25,73.23724490000001,74.05502915
7,A,30,E,9,0.08,75.25,75.33,74.05502915,74.125
7,A,31,E,1,1.505,74.9,76.405,74.125,75.52717391
7,A,31,E,2,0.915,76.405,77.32,75.52717391,76.37965839
7,A,31,E,3,0.78,77.32,78.1,76.37965839,77.10636646
7,A,31,E,9,0.02,78.1,78.12,77.10636646,77.125
7,A,32,E,1,1.5,77.9,79.4,77.125,78.48246606
7,A,32,E,2,0.91,79.4,80.31,78.48246606,79.30599548
7,A,32,E,3,0.865,80.31,81.175,79.30599548,80.08880090000001
7,A,32,E,9,0.04,81.175,81.215,80.08880090000001,80.125
7,A,33,E,1,1.505,80.9,82.405,80.125,81.50152439
7,A,33,E,2,0.925,82.405,83.33,81.50152439,82.34756098
7,A,33,E,3,0.81,83.33,84.14,82.34756098,83.08841463
7,A,33,E,9,0.04,84.14,84.18,83.08841463,83.125
7,A,34,E,1,1.51,83.9,85.41,83.125,84.45735294
7,A,34,E,2,0.95,85.41,86.36,84.45735294,85.29558824
7,A,34,E,3,0.9,86.36,87.26,85.29558824,86.08970588
7,A,34,E,9,0.04,87.26,87.3,86.08970588,86.125
7,A,35,E,1,0.355,86.9,87.255,86.125,86.43414369
7,A,35,E,2,1.505,87.255,88.76,86.43414369,87.74473875
7,A,35,E,3,1.505,88.76,90.265,87.74473875,89.05533382
7,A,35,E,9,0.08,90.265,90.345,89.05533382,89.125
7,A,36,E,1,1.5,89.9,91.4,89.125,90.44271596
7,A,36,E,2,1.5,91.4,92.9,90.44271596,91.76043192
7,A,36,E,3,0.365,92.9,93.265,91.76043192,92.08107613
7,A,36,E,9,0.05,93.265,93.315,92.08107613,92.125
7,A,37,E,1,1.5,92.9,94.4,92.125,93.44852941
7,A,37,E,2,1.505,94.4,95.905,93.44852941,94.77647059
7,A,37,E,3,0.315,95.905,96.22,94.77647059,95.05441176
7,A,37,E,9,0.08,96.22,96.3,95.05441176,95.125
7,A,38,E,1,1.5,95.9,97.4,95.125,96.59558824
7,A,38,E,2,1.5,97.4,98.9,96.59558824,98.06617647
7,A,38,E,9,0.06,98.9,98.96,98.06617647,98.125
7,A,39,E,1,1.515,98.9,100.415,98.125,99.60787113
7,A,39,E,2,1.51,100.415,101.925,99.60787113,101.0858483
7,A,39,E,9,0.04,101.925,101.965,101.0858483,101.125
7,A,40,E,1,1.5,101.9,103.4,101.125,102.625
7,A,40,E,2,1.325,103.4,104.725,102.625,103.95
7,A,40,E,9,0.11,104.725,104.835,103.95,104.06
7,A,41,E,1,0.105,104.9,105.005,104.125,104.22282609999999
7,A,41,E,2,1.51,105.005,106.515,104.22282609999999,105.6296584
7,A,41,E,3,1.505,106.515,108.02,105.6296584,107.03183229999999
7,A,41,E,9,0.1,108.02,108.12,107.03183229999999,107.125
7,A,42,E,1,1.505,107.9,109.405,107.125,108.43559509999999
7,A,42,E,2,1.505,109.405,110.91,108.43559509999999,109.74619009999998
7,A,42,E,3,0.345,110.91,111.255,109.74619009999998,110.04662549999999
7,A,42,E,9,0.09,111.255,111.345,110.04662549999999,110.125
7,A,43,E,1,1.505,110.9,112.405,110.125,111.595684
7,A,43,E,2,1.455,112.405,113.86,111.595684,113.0175081
7,A,43,E,9,0.11,113.86,113.97,113.0175081,113.125
7,A,44,E,1,1.505,113.9,115.405,113.125,114.63
7,A,44,E,2,0.91,115.405,116.315,114.63,115.54
7,A,44,E,9,0.005,116.315,116.32,115.54,115.545
7,A,45,E,1,1.515,116.9,118.415,116.125,117.6274793
7,A,45,E,2,1.5,118.415,119.915,117.6274793,119.1150826
7,A,45,E,9,0.01,119.915,119.925,119.1150826,119.125
7,A,46,E,1,0.225,119.9,120.125,119.125,119.3252967
7,A,46,E,2,1.505,120.125,121.63,119.3252967,120.66505929999998
7,A,46,E,3,1.5,121.63,123.13,120.66505929999998,122.00037090000001
7,A,46,E,9,0.14,123.13,123.27,122.00037090000001,122.125
7,A,47,E,1,1.495,122.9,124.395,122.125,123.53759840000002
7,A,47,E,2,1.505,124.395,125.9,123.53759840000002,124.9596457
7,A,47,E,3,0.155,125.9,126.055,124.9596457,125.1061024
7,A,47,E,9,0.02,126.055,126.075,125.1061024,125.125
7,A,48,E,1,1.5,125.9,127.4,125.125,126.625
7,A,48,E,2,0.78,127.4,128.18,126.625,127.405
7,A,48,E,9,0.04,128.18,128.22,127.405,127.445
7,A,49,E,1,1.505,128.9,130.405,128.125,129.63
7,A,49,E,2,1.39,130.405,131.795,129.63,131.02
7,A,49,E,9,0.1,131.795,131.895,131.02,131.12
7,A,50,E,1,0.987,131.9,132.887,131.125,131.8581476
7,A,50,E,9,0.09,132.887,132.977,131.8581476,131.925
7,A,52,A,9,0.16,132.71,132.87,131.935,132.095
7,B,1,H,1,1.505,1.21,2.715,0.0,1.505
7,B,1,H,2,0.205,2.715,2.92,1.505,1.71
7,B,1,H,9,0.08,2.92,3.0,1.71,1.79
7,B,2,H,1,1.14,3.0,4.14,1.79,2.93
7,B,2,H,2,1.505,4.14,5.645,2.93,4.435
7,B,2,H,9,0.13,5.645,5.775,4.435,4.565
7,B,3,H,1,1.505,6.0,7.505,4.79,6.295
7,B,3,H,2,0.84,7.505,8.345,6.295,7.135
7,B,3,H,9,0.09,8.345,8.435,7.135,7.225
7,B,4,H,1,0.75,9.0,9.75,7.79,8.099375
7,B,4,H,9,0.05,9.75,9.8,8.099375,8.12
7,B,5,H,1,0.03,9.33,9.36,8.12,8.15
7,B,5,H,9,0.02,9.36,9.38,8.15,8.17
7,B,6,A,9,0.04,9.38,9.42,8.17,8.21
7,B,7,H,1,1.334,11.38,12.714,10.17,11.504000000000001
7,B,7,H,2,0.517,12.714,13.231,11.504000000000001,12.020999999999999
7,B,7,H,9,0.05,13.231,13.280999999999999,12.020999999999999,12.071
7,B,8,H,1,1.185,13.58,14.765,12.37,13.555
7,B,8,H,9,0.09,14.765,14.855,13.555,13.645
7,B,9,H,1,1.5,14.88,16.38,13.67,15.15148148
7,B,9,H,2,0.485,16.38,16.865,15.15148148,15.63049383
7,B,9,H,9,0.04,16.865,16.905,15.63049383,15.67
7,B,10,H,1,1.01,16.88,17.89,15.67,16.36874214
7,B,10,H,2,0.58,17.89,18.47,16.36874214,16.77
7,B,11,H,1,1.49,17.98,19.47,16.77,17.74598253
7,B,11,H,2,0.76,19.47,20.23,17.74598253,18.24379913
7,B,11,H,9,0.04,20.23,20.27,18.24379913,18.27
7,B,12,H,1,0.77,19.48,20.25,18.27,18.89096774
7,B,12,H,2,0.44,20.25,20.69,18.89096774,19.24580645
7,B,12,H,9,0.03,20.69,20.72,19.24580645,19.27
7,B,13,H,1,0.305,20.48,20.785,19.27,19.54313433
7,B,13,H,9,0.03,20.785,20.815,19.54313433,19.57
7,B,14,A,9,0.05,20.78,20.83,19.57,19.62
7,B,15,A,1,0.23,23.78,24.01,22.57,22.8
7,B,15,A,9,0.05,24.01,24.06,22.8,22.85
7,B,16,H,1,1.515,24.78,26.295,23.57,25.07996678
7,B,16,H,2,1.405,26.295,27.7,25.07996678,26.480299
7,B,16,H,9,0.09,27.7,27.79,26.480299,26.57
7,B,17,H,1,1.51,26.78,28.29,25.57,27.08
7,B,17,H,2,0.91,28.29,29.2,27.08,27.99
7,B,17,H,9,0.03,29.2,29.23,27.99,28.02
7,B,18,H,1,1.51,29.78,31.29,28.57,30.08
7,B,18,H,2,1.435,31.29,32.725,30.08,31.515
7,B,18,H,9,0.05,32.725,32.775,31.515,31.565
7,B,19,H,1,1.505,32.78,34.285,31.57,33.075
7,B,19,H,2,1.3159999999999998,34.285,35.601,33.075,34.391
7,B,19,H,9,0.005,35.601,35.606,34.391,34.396
7,B,20,H,1,1.5,35.78,37.28,34.57,36.07
7,B,20,H,2,0.715,37.28,37.995,36.07,36.785
7,B,20,H,9,0.07,37.995,38.065,36.785,36.855
7,B,21,E,1,0.295,38.78,39.075,37.57,37.83497006
7,B,21,E,2,1.51,39.075,40.585,37.83497006,39.19125749
7,B,21,E,3,1.495,40.585,42.08,39.19125749,40.53407186
7,B,21,E,9,0.04,42.08,42.12,40.53407186,40.57
7,B,22,E,1,0.31,41.78,42.09,40.57,40.84312775
7,B,22,E,2,1.505,42.09,43.595,40.84312775,42.16911894
7,B,22,E,3,1.51,43.595,45.105,42.16911894,43.49951542
7,B,22,E,9,0.08,45.105,45.185,43.49951542,43.57
7,B,23,H,1,0.8,44.78,45.58,43.57,44.37
7,B,23,H,2,0.996,45.58,46.576,44.37,45.36600000000001
7,B,24,H,1,0.98,46.68,47.66,45.47,46.40580902
7,B,24,H,2,0.905,47.66,48.565,46.40580902,47.27
7,B,25,H,1,1.01,48.48,49.49,47.27,48.27720222
7,B,25,H,2,0.795,49.49,50.285,48.27720222,49.07
7,B,26,H,1,0.966,50.28,51.246,49.07,49.99637187
7,B,26,H,2,0.9109999999999999,51.246,52.157,49.99637187,50.87
7,B,27,H,1,0.91,52.08,52.99,50.87,51.73119874
7,B,27,H,2,0.992,52.99,53.982,51.73119874,52.67
7,B,28,H,1,1.14,53.88,55.02,52.67,53.78649485
7,B,28,H,2,0.8,55.02,55.82,53.78649485,54.57
7,B,29,H,1,1.04,55.78,56.82,54.57,55.57304569
7,B,29,H,2,0.93,56.82,57.75,55.57304569,56.47
7,B,30,H,1,0.97,57.68,58.65,56.47,57.40960114
7,B,30,H,2,0.785,58.65,59.435,57.40960114,58.17
7,B,31,H,1,1.55,59.38,60.93,58.17,59.67
7,B,32,E,1,0.66,60.88,61.54,59.67,60.19
7,B,33,E,1,0.345,61.4,61.745,60.19,60.488701299999995
7,B,33,E,2,1.505,61.745,63.25,60.488701299999995,61.7917316
7,B,33,E,3,1.505,63.25,64.755,61.7917316,63.094761899999995
7,B,33,E,9,0.11,64.755,64.865,63.094761899999995,63.19
7,B,34,E,1,0.87,64.4,65.27,63.19,63.9888024
7,B,34,E,2,1.5,65.27,66.77,63.9888024,65.3660479
7,B,34,E,9,0.135,66.77,66.905,65.3660479,65.49
7,B,35,E,1,0.115,66.7,66.815,65.49,65.605
7,B,35,E,9,0.09,66.815,66.905,65.605,65.695
7,B,36,E,9,0.075,68.4,68.475,67.19,67.265
7,B,37,E,1,1.21,70.6,71.81,69.39,70.33901961
7,B,37,E,9,0.065,71.81,71.875,70.33901961,70.39
7,B,38,E,1,1.505,71.6,73.105,70.39,71.67388626
7,B,38,E,2,0.52,73.105,73.625,71.67388626,72.11748815
7,B,38,E,9,0.085,73.625,73.71,72.11748815,72.19
7,B,39,E,1,0.561,73.4,73.961,72.19,72.67759054
7,B,39,E,2,1.51,73.961,75.471,72.67759054,73.99
7,B,40,E,1,1.5,75.2,76.7,73.99,75.00408451
7,B,40,E,2,0.245,76.7,76.945,75.00408451,75.16971831
7,B,40,E,9,0.03,76.945,76.975,75.16971831,75.19
7,B,41,E,1,0.08,76.4,76.48,75.19,75.25504065
7,B,41,E,2,0.445,76.48,76.925,75.25504065,75.61682927
7,B,41,E,3,1.4,76.925,78.325,75.61682927,76.75504065
7,B,41,E,4,0.11,78.325,78.435,76.75504065,76.84447154
7,B,41,E,5,1.52,78.435,79.955,76.84447154,78.0802439
7,B,41,E,9,0.135,79.955,80.09,78.0802439,78.19
7,B,42,E,1,1.505,79.4,80.905,78.19,79.57709677
7,B,42,E,2,1.48,80.905,82.385,79.57709677,80.94115207
7,B,42,E,3,0.24,82.385,82.625,80.94115207,81.16235023
7,B,42,E,9,0.03,82.625,82.655,81.16235023,81.19
7,B,43,E,1,0.345,82.4,82.745,81.19,81.49043541
7,B,43,E,2,1.505,82.745,84.25,81.49043541,82.80103048
7,B,43,E,3,1.505,84.25,85.755,82.80103048,84.11162554
7,B,43,E,9,0.09,85.755,85.845,84.11162554,84.19
7,B,44,E,1,1.505,85.4,86.905,84.19,85.54382309
7,B,44,E,2,1.5,86.905,88.405,85.54382309,86.89314843
7,B,44,E,3,0.27,88.405,88.675,86.89314843,87.13602699
7,B,44,E,9,0.06,88.675,88.735,87.13602699,87.19
7,B,45,E,1,0.34,88.4,88.74,87.19,87.48912023
7,B,45,E,2,1.51,88.74,90.25,87.48912023,88.81756598
7,B,45,E,3,1.51,90.25,91.76,88.81756598,90.14601173
7,B,45,E,9,0.05,91.76,91.81,90.14601173,90.19
7,B,46,E,1,0.335,91.4,91.735,90.19,90.48385965
7,B,46,E,2,1.51,91.735,93.245,90.48385965,91.80842105
7,B,46,E,3,1.505,93.245,94.75,91.80842105,93.12859649
7,B,46,E,9,0.07,94.75,94.82,93.12859649,93.19
7,B,47,E,1,1.5,94.4,95.9,93.19,94.52531157
7,B,47,E,2,1.5,95.9,97.4,94.52531157,95.86062315
7,B,47,E,3,0.31,97.4,97.71,95.86062315,96.13658754
7,B,47,E,9,0.06,97.71,97.77,96.13658754,96.19
7,B,48,E,1,1.375,97.4,98.775,96.19,97.565
7,B,48,E,2,1.32,98.775,100.095,97.565,98.885
7,B,48,E,9,0.02,100.095,100.115,98.885,98.905
7,B,49,E,1,0.275,100.4,100.675,99.19,99.43590164
7,B,49,E,2,1.515,100.675,102.19,99.43590164,100.79059609999999
7,B,49,E,3,1.495,102.19,103.685,100.79059609999999,102.1274069
7,B,49,E,9,0.07,103.685,103.755,102.1274069,102.19
7,B,50,E,1,1.52,103.4,104.92,102.19,103.5272434
7,B,50,E,2,1.495,104.92,106.415,103.5272434,104.84249270000001
7,B,50,E,3,0.265,106.415,106.68,104.84249270000001,105.07563049999999
7,B,50,E,9,0.13,106.68,106.81,105.07563049999999,105.19
7,B,51,E,1,1.535,106.4,107.935,105.19,106.66124599999999
7,B,51,E,2,1.51,107.935,109.445,106.66124599999999,108.1085304
7,B,51,E,9,0.085,109.445,109.53,108.1085304,108.19
7,B,52,E,1,1.47,109.38,110.85,108.17,109.57894569999999
7,B,52,E,9,0.095,110.85,110.945,109.57894569999999,109.67
7,B,53,A,1,0.205,110.88,111.085,109.67,109.875
7,B,53,A,2,0.17,111.085,111.255,109.875,110.045
7,B,54,E,1,0.635,112.38,113.015,111.17,111.805
7,B,54,E,9,0.15,113.015,113.165,111.805,111.955
7,B,55,E,9,0.16,115.38,115.54,114.17,114.33
7,B,56,E,1,0.87,116.15,117.02,114.94,115.71915659999999
7,B,56,E,2,1.51,117.02,118.53,115.71915659999999,117.07148590000001
7,B,56,E,9,0.11,118.53,118.64,117.07148590000001,117.17
7,B,57,E,1,0.97,118.38,119.35,117.17,118.14
7,B,57,E,9,0.15,119.35,119.5,118.14,118.29
7,B,58,E,1,1.47,121.38,122.85,120.17,121.64
7,C,1,H,1,1.51,26.0,27.51,26.0,27.51
7,C,1,H,2,1.405,27.51,28.915,27.51,28.915
7,C,1,H,9,0.06,28.915,28.975,28.915,28.975
7,C,2,H,1,1.51,29.0,30.51,29.0,30.51
7,C,2,H,2,1.43,30.51,31.94,30.51,31.94
7,C,2,H,9,0.05,31.94,31.99,31.94,31.99
7,C,3,H,1,1.505,32.0,33.505,32.0,33.49009901
7,C,3,H,2,1.44,33.505,34.945,33.49009901,34.91584158
7,C,3,H,9,0.085,34.945,35.03,34.91584158,35.0
7,C,4,H,1,1.51,35.0,36.51,35.0,36.50354701
7,C,4,H,2,0.83,36.51,37.34,36.50354701,37.33
7,C,5,H,1,1.29,37.33,38.62,37.33,38.59276392
7,C,5,H,2,1.305,38.62,39.925,38.59276392,39.87021113
7,C,5,H,9,0.01,39.925,39.935,39.87021113,39.88
7,C,6,H,1,1.49,39.88,41.37,39.88,41.34385965
7,C,6,H,2,0.75,41.37,42.12,41.34385965,42.08070175
7,C,6,H,9,0.04,42.12,42.16,42.08070175,42.12
7,C,7,H,1,0.45,42.12,42.57,42.12,42.260625
7,C,7,H,9,0.19,42.57,42.76,42.260625,42.32
7,C,8,H,1,0.375,42.32,42.695,42.32,42.695
7,C,8,H,2,1.51,42.695,44.205,42.695,44.205
7,C,8,H,9,0.02,44.205,44.225,44.205,44.225
7,C,9,H,1,1.51,44.27,45.78,44.27,45.78
7,C,9,H,2,0.24,45.78,46.02,45.78,46.02
7,C,9,H,9,0.02,46.02,46.04,46.02,46.04
7,C,10,H,1,0.815,46.07,46.885,46.07,46.85318318
7,C,10,H,2,0.83,46.885,47.715,46.85318318,47.65078078
7,C,10,H,9,0.02,47.715,47.735,47.65078078,47.67
7,C,11,H,1,1.405,47.67,49.075,47.67,49.06010601
7,C,11,H,9,0.01,49.075,49.085,49.06010601,49.07
7,C,12,H,1,1.32,49.07,50.39,49.07,50.30453237
7,C,12,H,9,0.07,50.39,50.46,50.30453237,50.37
7,C,13,H,1,0.96,50.37,51.33,50.37,51.33
7,C,13,H,2,0.9,51.33,52.23,51.33,52.23
7,C,13,H,9,0.03,52.23,52.26,52.23,52.26
7,C,14,H,1,0.8,52.27,53.07,52.27,53.05527607
7,C,14,H,2,0.8,53.07,53.87,53.05527607,53.84055215
7,C,14,H,9,0.03,53.87,53.9,53.84055215,53.87
7,C,15,H,1,1.505,53.87,55.375,53.87,55.34068404
7,C,15,H,9,0.03,55.375,55.405,55.34068404,55.37
7,C,16,H,1,0.805,55.37,56.175,55.37,56.13882022
7,C,16,H,2,0.965,56.175,57.14,56.13882022,57.06044944
7,C,16,H,9,0.01,57.14,57.15,57.06044944,57.07
7,C,17,H,1,0.635,57.07,57.705,57.07,57.70167539
7,C,17,H,2,1.225,57.705,58.93,57.70167539,58.92026178
7,C,17,H,9,0.05,58.93,58.98,58.92026178,58.97
7,C,18,H,1,0.9159999999999999,58.97,59.886,58.97,59.83962025
7,C,18,H,2,0.93,59.886,60.816,59.83962025,60.72253165
7,C,18,H,9,0.05,60.816,60.86600000000001,60.72253165,60.77
7,C,19,E,1,1.51,60.77,62.28,60.77,62.22425361
7,C,19,E,2,1.515,62.28,63.795,62.22425361,63.68332263
7,C,19,E,9,0.09,63.795,63.885,63.68332263,63.77
9,A,1,H,1,1.0,-0.31,0.69,0.0,1.0
9,A,1,H,2,1.035,0.69,1.725,1.0,2.035
9,A,1,H,9,0.01,1.725,1.735,2.035,2.045
9,A,2,H,1,1.15,2.0,3.15,2.31,3.46
9,A,2,H,2,1.28,3.15,4.43,3.46,4.74
9,A,2,H,9,0.02,4.43,4.45,4.74,4.76
9,A,3,H,1,1.495,5.0,6.495,5.31,6.805
9,A,3,H,2,0.92,6.495,7.415,6.805,7.725
9,A,3,H,9,0.03,7.415,7.445,7.725,7.755
9,A,4,H,1,1.51,8.0,9.51,8.31,9.82
9,A,4,H,2,0.67,9.51,10.18,9.82,10.49
9,A,4,H,9,0.01,10.18,10.19,10.49,10.5
9,A,5,H,1,1.51,9.9,11.41,10.21,11.21666667
9,A,5,H,2,1.12,11.41,12.53,11.21666667,11.96333333
9,A,5,H,9,0.07,12.53,12.6,11.96333333,12.01
9,A,6,H,1,0.085,11.7,11.785,12.01,12.095
9,A,6,H,2,1.405,11.785,13.19,12.095,13.5
9,A,6,H,3,1.17,13.19,14.36,13.5,14.67
9,A,6,H,9,0.08,14.36,14.44,14.67,14.75
9,A,7,H,1,1.51,14.7,16.21,15.01,16.16630631
9,A,7,H,2,0.64,16.21,16.85,16.16630631,16.656396400000002
9,A,7,H,9,0.07,16.85,16.92,16.656396400000002,16.71
